Workbook

Sheet Hoja1
A2: Fecha de Inicio | B2: (Todas)
A3: AREACH | B3: (Todas)
A5: Etiquetas de fila | B5: Cuenta de IDSDNCA | C5: Suma de Asistentes Totales
A6: Subdirección de Administración de Servicios para Exploración y Producción | B6: 65 | C6: 601
A7: Subdirección de Coordinación Operativa y Comercial | B7: 173 | C7: 776
A8: Subdirección de Exploración | B8: 30 | C8: 180
A9: Subdirección de Exploración y Producción por Contratos y Asociaciones | B9: 2 | C9: 2
A10: Subdirección de Producción Región Marina Suroeste | B10: 17 | C10: 198
A11: Subdirección de Producción Región Sur | B11: 230 | C11: 2814
A12: Subdirección de Seguridad, Salud en el Trabajo y Protección Ambiental | B12: 122 | C12: 976
A13: Subdirección de Producción Región Marina Noreste | B13: 65 | C13: 1046
A14: Subdirección de Perforación y Mantenimiento de Pozos | B14: 138 | C14: 1147
A15: Subdirección de Producción Región Norte | B15: 104 | C15: 956
A16: Total general | B16: 946 | C16: 8696
A20: Mes | B20: (Varios elementos)
A21: AREACH | B21: (Todas)
A22: Fecha de Termino | B22: (Todas)
A24: Etiquetas de fila | B24: Cuenta de IDSDNCA | C24: Suma de Asistentes Totales
A25: Subdirección de Administración de Servicios para Exploración y Producción | B25: 25 | C25: 264
A26: Subdirección de Exploración | B26: 12 | C26: 80
A27: Subdirección de Producción Región Marina Suroeste | B27: 3 | C27: 31
A28: Subdirección de Producción Región Sur | B28: 38 | C28: 415
A29: Subdirección de Seguridad, Salud en el Trabajo y Protección Ambiental | B29: 25 | C29: 230
A30: Subdirección de Perforación y Mantenimiento de Pozos | B30: 2 | C30: 18
A31: Subdirección de Producción Región Norte | B31: 33 | C31: 300
A32: Total general | B32: 138 | C32: 1338

Sheet PICADE
A6: Cons | B6: ID_SAP | C6: AREACH | D6: IDSDNCA | E6: Subdirección | F6: Gerencia/Activo | G6: Curso | H6: Tipo de Impartición | I6: Ficha | J6: Instructor | K6: Duración (Horas) | L6: Días | M6: Asistentes Totales | N6: Fecha de Inicio | O6: Fecha de Termino | P6: Mes
A7: 1 | C7: Ciudad del Carmen | D7: 23298 | E7: Subdirección de Administración de Servicios para Exploración y Producción | F7: Coordinación de Servicios Marinos y de Mantenimiento, Confiabilidad y Construcción de Infraestructura | G7: REACREDITACION DE SIGNATARIOS DEL SPPTR (RSPTR) | H7: PRESENCIAL | I7: 350060 | J7: Hernan Zurita Dominguez | K7: 8 | L7: 1 | M7: 13 | N7: 05/02/2021 | O7: 44232 | P7: Febrero
A8: 2 | C8: CIUDAD DEL CARMEN, CAMPECHE | D8: 23281 | E8: Subdirección de Administración de Servicios para Exploración y Producción | F8: Coordinación de Servicios Marinos y de Mantenimiento, Confiabilidad y Construcción de Infraestructura | G8: SISTEMA DE PERMISOS PARA TRABAJOS CON RIESGO (SPTR) | H8: PRESENCIAL | I8: 374253 | J8: Eduardo Gonzalez Rodriguez | K8: 24 | L8: 3 | M8: 8 | N8: 15/02/2021 | O8: 44244 | P8: Febrero
A9: 3 | C9: CIUDAD DEL CARMEN, CAMPECHE | D9: 23297 | E9: Subdirección de Administración de Servicios para Exploración y Producción | F9: Coordinación de Servicios Marinos y de Mantenimiento, Confiabilidad y Construcción de Infraestructura | G9: REACREDITACION DE SIGNATARIOS DEL SPPTR (RSPTR) | H9: PRESENCIAL | I9: 436665 | J9: Francisco Antonio Castro Reyes | K9: 8 | L9: 1 | M9: 11 | N9: 17/02/2021 | O9: 44244 | P9: Febrero
A10: 4 | C10: CIUDAD DEL CARMEN, CAMPECHE | D10: 23300 | E10: Subdirección de Administración de Servicios para Exploración y Producción | F10: Coordinación de Servicios Marinos y de Mantenimiento, Confiabilidad y Construcción de Infraestructura | G10: REACREDITACION DE SIGNATARIOS DEL SPPTR (RSPTR) | H10: PRESENCIAL | I10: 436665 | J10: Francisco Antonio Castro Reyes | K10: 8 | L10: 1 | M10: 10 | N10: 18/02/2021 | O10: 44245 | P10: Febrero
A11: 5 | C11: CIUDAD DEL CARMEN, CAMPECHE | D11: 23301 | E11: Subdirección de Administración de Servicios para Exploración y Producción | F11: Coordinación de Servicios Marinos y de Mantenimiento, Confiabilidad y Construcción de Infraestructura | G11: REACREDITACION DE SIGNATARIOS DEL SPPTR (RSPTR) | H11: PRESENCIAL | I11: 436665 | J11: Francisco Antonio Castro Reyes | K11: 8 | L11: 1 | M11: 6 | N11: 19/02/2021 | O11: 44246 | P11: Febrero
A12: 6 | C12: CIUDAD DEL CARMEN, CAMPECHE | D12: 23299 | E12: Subdirección de Administración de Servicios para Exploración y Producción | F12: Coordinación de Servicios Marinos y de Mantenimiento, Confiabilidad y Construcción de Infraestructura | G12: REACREDITACION DE SIGNATARIOS DEL SPPTR (RSPTR) | H12: PRESENCIAL | I12: 436665 | J12: Francisco Antonio Castro Reyes | K12: 8 | L12: 1 | M12: 11 | N12: 22/02/2021 | O12: 44249 | P12: Febrero
A13: 7 | C13: CIUDAD DEL CARMEN, CAMPECHE | D13: 23302 | E13: Subdirección de Administración de Servicios para Exploración y Producción | F13: Coordinación de Servicios Marinos y de Mantenimiento, Confiabilidad y Construcción de Infraestructura | G13: REACREDITACION DE SIGNATARIOS DEL SPPTR (RSPTR) | H13: PRESENCIAL | I13: 436665 | J13: Francisco Antonio Castro Reyes | K13: 8 | L13: 1 | M13: 14 | N13: 23/02/2021 | O13: 44250 | P13: Febrero
A14: 8 | C14: CIUDAD DEL CARMEN, CAMPECHE | D14: 23282 | E14: Subdirección de Administración de Servicios para Exploración y Producción | F14: Coordinación de Servicios Marinos y de Mantenimiento, Confiabilidad y Construcción de Infraestructura | G14: SISTEMA DE PERMISOS PARA TRABAJOS CON RIESGO (SPTR) | H14: PRESENCIAL | I14: 374253 | J14: Eduardo Gonzalez Rodriguez | K14: 24 | L14: 3 | M14: 10 | N14: 01/03/2021 | O14: 44258 | P14: Marzo
A15: 9 | C15: CIUDAD DEL CARMEN, CAMPECHE | D15: 23304 | E15: Subdirección de Administración de Servicios para Exploración y Producción | F15: Coordinación de Servicios Marinos y de Mantenimiento, Confiabilidad y Construcción de Infraestructura | G15: REACREDITACION DE SIGNATARIOS DEL SPPTR (RSPTR) | H15: PRESENCIAL | I15: 350060 | J15: Hernan Zurita Dominguez | K15: 8 | L15: 1 | M15: 10 | N15: 04/03/2021 | O15: 44259 | P15: Marzo
A16: 10 | C16: CIUDAD DEL CARMEN, CAMPECHE | D16: 23305 | E16: Subdirección de Administración de Servicios para Exploración y Producción | F16: Coordinación de Servicios Marinos y de Mantenimiento, Confiabilidad y Construcción de Infraestructura | G16: REACREDITACION DE SIGNATARIOS DEL SPPTR (RSPTR) | H16: PRESENCIAL | I16: 350060 | J16: Hernan Zurita Dominguez | K16: 8 | L16: 1 | M16: 12 | N16: 05/03/2021 | O16: 44260 | P16: Marzo
A17: 11 | C17: CIUDAD DEL CARMEN, CAMPECHE | D17: 23303 | E17: Subdirección de Administración de Servicios para Exploración y Producción | F17: Coordinación de Servicios Marinos y de Mantenimiento, Confiabilidad y Construcción de Infraestructura | G17: REACREDITACION DE SIGNATARIOS DEL SPPTR (RSPTR) | H17: PRESENCIAL | I17: 436665 | J17: Francisco Antonio Castro Reyes | K17: 8 | L17: 1 | M17: 11 | N17: 16/03/2021 | O17: 44271 | P17: Marzo
A18: 12 | C18: CIUDAD DEL CARMEN, CAMPECHE | D18: 23307 | E18: Subdirección de Administración de Servicios para Exploración y Producción | F18: Coordinación de Servicios Marinos y de Mantenimiento, Confiabilidad y Construcción de Infraestructura | G18: REACREDITACION DE SIGNATARIOS DEL SPPTR (RSPTR) | H18: PRESENCIAL | I18: 436665 | J18: Francisco Antonio Castro Reyes | K18: 8 | L18: 1 | M18: 11 | N18: 17/03/2021 | O18: 44272 | P18: Marzo
... A31: 25 | C31: CIUDAD DEL CARMEN, CAMPECHE | D31: 24913 | E31: Subdirección de Coordinación Operativa y Comercial | F31: Gerencia de Coordinación de Operaciones | G31: REVALIDACION DE SEGURIDAD Y SOBREVIVENCIA COSTA AFUERA (RSSCA) | H31: PRESENCIAL | I31: 354951 | J31: Raul Armando Garza Torre | K31: 16 | L31: 2 | M31: 1 | N31: 11/05/2021 | O31: 44328 | P31: Mayo
A32: 26 | C32: CIUDAD DEL CARMEN, CAMPECHE | D32: 26163 | E32: Subdirección de Perforación y Mantenimiento de Pozos | F32: Gerencia de Perforación y Reparación de Pozos Marina | G32: SEGURIDAD Y SOBREVIVENCIA COSTA AFUERA (SSCA) | H32: PRESENCIAL | I32: 350060 | J32: Hernan Zurita Dominguez | K32: 24 | L32: 3 | M32: 12 | N32: 44329 | O32: 44331 | P32: Mayo
A33: 27 | C33: CIUDAD DEL CARMEN, CAMPECHE | D33: 27340 | E33: Subdirección de Perforación y Mantenimiento de Pozos | F33: Gerencia de Perforación y Reparación de Pozos Marina | G33: SISTEMA DE PERMISOS PARA TRABAJOS CON RIESGO (SPTR) | H33: PRESENCIAL | I33: 419491 | J33: Julio Andres Barrios Almazan | K33: 24 | L33: 3 | M33: 12 | N33: 13/05/2021 | O33: 44331 | P33: Mayo
A34: 28 | C34: CIUDAD DEL CARMEN, CAMPECHE | D34: 29663 | E34: Subdirección de Seguridad, Salud en el Trabajo y Protección Ambiental | F34: Gerencia de Seguridad, Salud en el Trabajo y Protección Ambiental Región Marina | G34: PREVENCION DE RIESGOS LABORALES | H34: A DISTANCIA | I34: 206830 | J34: José Trinidad Osorno Requena | K34: 16 | L34: 2 | M34: 8 | N34: 13/05/2021 | O34: 44334 | P34: Mayo
A35: 29 | C35: CIUDAD DEL CARMEN, CAMPECHE | D35: 24914 | E35: Subdirección de Coordinación Operativa y Comercial | F35: Gerencia de Coordinación de Operaciones | G35: REVALIDACION DE SEGURIDAD Y SOBREVIVENCIA COSTA AFUERA (RSSCA) | H35: PRESENCIAL | I35: 354951 | J35: Raul Armando Garza Torre | K35: 16 | L35: 2 | M35: 1 | N35: 18/05/2021 | O35: 44335 | P35: Mayo
A36: 30 | C36: CIUDAD DEL CARMEN, CAMPECHE | D36: 27334 | E36: Subdirección de Perforación y Mantenimiento de Pozos | F36: Gerencia de Perforación y Reparación de Pozos Marina | G36: SISTEMA DE PERMISOS PARA TRABAJOS CON RIESGO (SPTR) | H36: PRESENCIAL | I36: 419491 | J36: Julio Andres Barrios Almazan | K36: 24 | L36: 3 | M36: 10 | N36: 19/05/2021 | O36: 44337 | P36: Mayo
A37: 31 | C37: CIUDAD DEL CARMEN, CAMPECHE | D37: 27826 | E37: Subdirección de Perforación y Mantenimiento de Pozos | F37: Gerencia de Servicios a Pozos | G37: BASICO DE SEGURIDAD (BS) | H37: PRESENCIAL | I37: 350060 | J37: Hernan Zurita Dominguez | K37: 16 | L37: 2 | M37: 13 | N37: 21/05/2021 | O37: 44338 | P37: Mayo
A38: 32 | C38: CIUDAD DEL CARMEN, CAMPECHE | D38: 21481 | E38: Subdirección de Producción Región Marina Noreste | F38: Gerencia de Mantenimiento, Confiabilidad y Construcción | G38: REACREDITACION DE SIGNATARIOS DEL SPPTR (RSPTR) | H38: A DISTANCIA | I38: 458886 | J38: Edgar Mendoza Rodriguez | K38: 8 | L38: 1 | M38: 11 | N38: 24/05/2021 | O38: 44340 | P38: Mayo
A39: 33 | C39: CIUDAD DEL CARMEN, CAMPECHE | D39: 27335 | E39: Subdirección de Perforación y Mantenimiento de Pozos | F39: Gerencia de Perforación y Reparación de Pozos Marina | G39: SISTEMA DE PERMISOS PARA TRABAJOS CON RIESGO (SPTR) | H39: PRESENCIAL | I39: 419491 | J39: Julio Andres Barrios Almazan | K39: 24 | L39: 3 | M39: 10 | N39: 22/05/2021 | O39: 44340 | P39: Mayo
A40: 34 | C40: CIUDAD DEL CARMEN, CAMPECHE | D40: 24750 | E40: Subdirección de Coordinación Operativa y Comercial | F40: Gerencia de Coordinación de Operaciones | G40: SISTEMA DE PERMISOS PARA TRABAJOS CON RIESGO (SPTR) | H40: PRESENCIAL | I40: 354951 | J40: Raul Armando Garza Torre | K40: 24 | L40: 3 | M40: 5 | N40: 26/05/2021 | O40: 44344 | P40: Mayo
A41: 35 | C41: CIUDAD DEL CARMEN, CAMPECHE | D41: 28027 | E41: Subdirección de Perforación y Mantenimiento de Pozos | F41: Gerencia de Servicios a Pozos | G41: SOBREVIVENCIA EN EL MAR (SM) | H41: PRESENCIAL | I41: CASES | J41: INSTRUCTOR CASES . | K41: 16 | L41: 2 | M41: 8 | N41: 27/05/2021 | O41: 44344 | P41: Mayo
A42: 36 | C42: CIUDAD DEL CARMEN, CAMPECHE | D42: 27352 | E42: Subdirección de Perforación y Mantenimiento de Pozos | F42: Gerencia de Perforación y Reparación de Pozos Marina | G42: SISTEMA DE PERMISOS PARA TRABAJOS CON RIESGO (SPTR) | H42: PRESENCIAL | I42: 489671 | J42: Pedro Zacarias Alcocer | K42: 24 | L42: 3 | M42: 12 | N42: 27/05/2021 | O42: 44345 | P42: Mayo
A43: 37 | C43: CIUDAD DEL CARMEN, CAMPECHE | D43: 21482 | E43: Subdirección de Producción Región Marina Noreste | F43: Gerencia de Mantenimiento, Confiabilidad y Construcción | G43: REACREDITACION DE SIGNATARIOS DEL SPPTR (RSPTR) | H43: A DISTANCIA | I43: 458886 | J43: Edgar Mendoza Rodriguez | K43: 8 | L43: 1 | M43: 20 | N43: 01/06/2021 | O43: 44348 | P43: Junio
A44: 38 | C44: CIUDAD DEL CARMEN, CAMPECHE | D44: 21446 | E44: Subdirección de Producción Región Marina Noreste | F44: Gerencia de Mantenimiento, Confiabilidad y Construcción | G44: BASICO DE SEGURIDAD (BS) | H44: PRESENCIAL | I44: 354951 | J44: Raul Armando Garza Torre | K44: 16 | L44: 2 | M44: 10 | N44: 02/06/2021 | O44: 44350 | P44: Junio
A45: 39 | C45: CIUDAD DEL CARMEN, CAMPECHE | D45: 21447 | E45: Subdirección de Producción Región Marina Noreste | F45: Gerencia de Mantenimiento, Confiabilidad y Construcción | G45: BASICO DE SEGURIDAD (BS) | H45: A DISTANCIA | I45: 354951 | J45: Raul Armando Garza Torre | K45: 16 | L45: 2 | M45: 22 | N45: 08/06/2021 | O45: 44356 | P45: Junio
A46: 40 | C46: CIUDAD DEL CARMEN, CAMPECHE | D46: 28026 | E46: Subdirección de Perforación y Mantenimiento de Pozos | F46: Gerencia de Servicios a Pozos | G46: SOBREVIVENCIA EN EL MAR (SM) | H46: PRESENCIAL | I46: CASES | J46: INSTRUCTOR CASES . | K46: 16 | L46: 2 | M46: 7 | N46: 08/06/2021 | O46: 44356 | P46: Junio
A47: 41 | C47: CIUDAD DEL CARMEN, CAMPECHE | D47: 22169 | E47: Subdirección de Seguridad, Salud en el Trabajo y Protección Ambiental | F47: Gerencia de Seguridad, Salud en el Trabajo y Protección Ambiental Región Marina | G47: BRIGADAS DE BUSQUEDA Y RESCATE (BBR) | H47: PRESENCIAL | I47: 389970 | J47: Azariel Lopez Lara | K47: 24 | L47: 3 | M47: 12 | N47: 09/06/2021 | O47: 44358 | P47: Junio
A48: 42 | C48: CIUDAD DEL CARMEN, CAMPECHE | D48: 24591 | E48: Subdirección de Seguridad, Salud en el Trabajo y Protección Ambiental | F48: Gerencia de Seguridad, Salud en el Trabajo y Protección Ambiental Región Marina | G48: SEGURIDAD Y SOBREVIVENCIA COSTA AFUERA (SSCA) | H48: PRESENCIAL | I48: 354951 | J48: Raul Armando Garza Torre | K48: 24 | L48: 3 | M48: 12 | N48: 10/06/2021 | O48: 44359 | P48: Junio
A49: 43 | C49: CIUDAD DEL CARMEN, CAMPECHE | D49: 29681 | E49: Subdirección de Seguridad, Salud en el Trabajo y Protección Ambiental | F49: Gerencia de Seguridad, Salud en el Trabajo y Protección Ambiental Región Marina | G49: DISCIPLINA OPERATIVA | H49: A DISTANCIA | I49: 350060 | J49: Hernan Zurita Dominguez | K49: 16 | L49: 2 | M49: 14 | N49: 10/06/2021 | O49: 44363 | P49: Junio
A50: 44 | C50: CIUDAD DEL CARMEN, CAMPECHE | D50: 24916 | E50: Subdirección de Coordinación Operativa y Comercial | F50: Gerencia de Coordinación de Operaciones | G50: REVALIDACION DE SEGURIDAD Y SOBREVIVENCIA COSTA AFUERA (RSSCA) | H50: PRESENCIAL | I50: 354951 | J50: Raul Armando Garza Torre | K50: 16 | L50: 2 | M50: 7 | N50: 17/06/2021 | O50: 44365 | P50: Junio
A51: 45 | C51: CIUDAD DEL CARMEN, CAMPECHE | D51: 27336 | E51: Subdirección de Perforación y Mantenimiento de Pozos | F51: Gerencia de Perforación y Reparación de Pozos Marina | G51: SISTEMA DE PERMISOS PARA TRABAJOS CON RIESGO (SPTR) | H51: PRESENCIAL | I51: 419491 | J51: Julio Andres Barrios Almazan | K51: 24 | L51: 3 | M51: 7 | N51: 16/06/2021 | O51: 44365 | P51: Junio
A52: 46 | C52: CIUDAD DEL CARMEN, CAMPECHE | D52: 21483 | E52: Subdirección de Producción Región Marina Noreste | F52: Gerencia de Mantenimiento, Confiabilidad y Construcción | G52: REACREDITACION DE SIGNATARIOS DEL SPPTR (RSPTR) | H52: A DISTANCIA | I52: 458886 | J52: Edgar Mendoza Rodriguez | K52: 8 | L52: 1 | M52: 13 | N52: 21/06/2021 | O52: 44368 | P52: Junio
A53: 47 | C53: CIUDAD DEL CARMEN, CAMPECHE | D53: 27337 | E53: Subdirección de Perforación y Mantenimiento de Pozos | F53: Gerencia de Perforación y Reparación de Pozos Marina | G53: SISTEMA DE PERMISOS PARA TRABAJOS CON RIESGO (SPTR) | H53: PRESENCIAL | I53: 419491 | J53: Julio Andres Barrios Almazan | K53: 24 | L53: 3 | M53: 7 | N53: 19/06/2021 | O53: 21/06/2021 | P53: Junio
A54: 48 | C54: CIUDAD DEL CARMEN, CAMPECHE | D54: 24592 | E54: Subdirección de Seguridad, Salud en el Trabajo y Protección Ambiental | F54: Gerencia de Seguridad, Salud en el Trabajo y Protección Ambiental Región Marina | G54: SEGURIDAD Y SOBREVIVENCIA COSTA AFUERA (SSCA) | H54: PRESENCIAL | I54: 354951 | J54: Raul Armando Garza Torre | K54: 24 | L54: 3 | M54: 12 | N54: 24/06/2021 | O54: 26/06/2021 | P54: Junio
A55: 49 | C55: CIUDAD DEL CARMEN, CAMPECHE | D55: 25933 | E55: Subdirección de Perforación y Mantenimiento de Pozos | F55: Gerencia de Perforación y Reparación de Pozos Marina | G55: BRIGADAS CONTRAINCENDIOS (BCII) | H55: PRESENCIAL | I55: 489671 | J55: Pedro Zacarias Alcocer | K55: 24 | L55: 3 | M55: 5 | N55: 24/06/2021 | O55: 26/06/2021 | P55: Junio
A56: 50 | C56: CIUDAD DEL CARMEN, CAMPECHE | D56: 26157 | E56: Subdirección de Perforación y Mantenimiento de Pozos | F56: Gerencia de Perforación y Reparación de Pozos Marina | G56: SEGURIDAD Y SOBREVIVENCIA COSTA AFUERA (SSCA) | H56: PRESENCIAL | I56: 411339 | J56: Carlos Alfredo Ramirez Barrenechea | K56: 24 | L56: 3 | M56: 12 | N56: 25/06/2021 | O56: 27/06/2021 | P56: Junio
A57: 51 | C57: CIUDAD DEL CARMEN, CAMPECHE | D57: 21432 | E57: Subdirección de Producción Región Marina Noreste | F57: Gerencia de Mantenimiento, Confiabilidad y Construcción | G57: REVALIDACION DE SEGURIDAD Y SOBREVIVENCIA COSTA AFUERA (RSSCA) | H57: PRESENCIAL | I57: 389970 | J57: Azariel Lopez Lara | K57: 16 | L57: 2 | M57: 19 | N57: 29/06/2021 | O57: 30/06/2021 | P57: Junio
A58: 52 | C58: CIUDAD DEL CARMEN, CAMPECHE | D58: 24918 | E58: Subdirección de Coordinación Operativa y Comercial | F58: Gerencia de Coordinación de Operaciones | G58: REVALIDACION DE SEGURIDAD Y SOBREVIVENCIA COSTA AFUERA (RSSCA) | H58: PRESENCIAL | I58: 354951 | J58: Raul Armando Garza Torre | K58: 16 | L58: 2 | M58: 5 | N58: 02/07/2021 | O58: 03/07/2021 | P58: Julio
A59: 53 | C59: CIUDAD DEL CARMEN, CAMPECHE | D59: 24923 | E59: Subdirección de Coordinación Operativa y Comercial | F59: Gerencia de Coordinación de Operaciones | G59: REVALIDACION DE SEGURIDAD Y SOBREVIVENCIA COSTA AFUERA (RSSCA) | H59: PRESENCIAL | I59: 354951 | J59: Raul Armando Garza Torre | K59: 16 | L59: 2 | M59: 1 | N59: 08/07/2021 | O59: 09/07/2021 | P59: Julio
A60: 54 | C60: CIUDAD DEL CARMEN, CAMPECHE | D60: 27342 | E60: Subdirección de Perforación y Mantenimiento de Pozos | F60: Gerencia de Perforación y Reparación de Pozos Marina | G60: SISTEMA DE PERMISOS PARA TRABAJOS CON RIESGO (SPTR) | H60: PRESENCIAL | I60: 316048 | J60: Francisco Carvallo Uscanga | K60: 24 | L60: 3 | M60: 12 | N60: 07/07/2021 | O60: 09/07/2021 | P60: Julio
A61: 55 | C61: CIUDAD DEL CARMEN, CAMPECHE | D61: 24070 | E61: Subdirección de Administración de Servicios para Exploración y Producción | F61: Coordinación de Servicios Marinos y de Mantenimiento, Confiabilidad y Construcción de Infraestructura | G61: SEGURIDAD Y SOBREVIVENCIA COSTA AFUERA (SSCA) | H61: PRESENCIAL | I61: 350060 | J61: Hernan Zurita Dominguez | K61: 24 | L61: 3 | M61: 9 | N61: 08/07/2021 | O61: 10/07/2021 | P61: Julio
A62: 56 | C62: CIUDAD DEL CARMEN, CAMPECHE | D62: 26158 | E62: Subdirección de Perforación y Mantenimiento de Pozos | F62: Gerencia de Perforación y Reparación de Pozos Marina | G62: SEGURIDAD Y SOBREVIVENCIA COSTA AFUERA (SSCA) | H62: PRESENCIAL | I62: 329117 | J62: Daniel Diamantis Gonzalez Perez | K62: 24 | L62: 3 | M62: 12 | N62: 08/07/2021 | O62: 10/07/2021 | P62: Julio
A63: 57 | C63: CIUDAD DEL CARMEN, CAMPECHE | D63: 21484 | E63: Subdirección de Producción Región Marina Noreste | F63: Gerencia de Mantenimiento, Confiabilidad y Construcción | G63: REACREDITACION DE SIGNATARIOS DEL SPPTR (RSPTR) | H63: A DISTANCIA | I63: 458886 | J63: Edgar Mendoza Rodriguez | K63: 8 | L63: 1 | M63: 15 | N63: 12/07/2021 | O63: 12/07/2021 | P63: Julio
A64: 58 | C64: CIUDAD DEL CARMEN, CAMPECHE | D64: 27343 | E64: Subdirección de Perforación y Mantenimiento de Pozos | F64: Gerencia de Perforación y Reparación de Pozos Marina | G64: SISTEMA DE PERMISOS PARA TRABAJOS CON RIESGO (SPTR) | H64: PRESENCIAL | I64: 316048 | J64: Francisco Carvallo Uscanga | K64: 24 | L64: 3 | M64: 12 | N64: 10/07/2021 | O64: 12/07/2021 | P64: Julio
... A122: 116 | C122: CIUDAD DEL CARMEN, CAMPECHE | D122: 26409 | E122: Subdirección de Producción Región Marina Noreste | F122: Activo de Producción Cantarell | G122: REACREDITACION DE SIGNATARIOS DEL SPPTR (RSPTR) | H122: A DISTANCIA | I122: 510745 | J122: Cesar Ivan Chulines Granados | K122: 8 | L122: 1 | M122: 11 | N122: 24/09/2021 | O122: 25/09/2021 | P122: Septiembre
A123: 117 | C123: CIUDAD DEL CARMEN, CAMPECHE | D123: 28025 | E123: Subdirección de Perforación y Mantenimiento de Pozos | F123: Gerencia de Servicios a Pozos | G123: SOBREVIVENCIA EN EL MAR (SM) | H123: PRESENCIAL | I123: CASES | J123: INSTRUCTOR CASES . | K123: 16 | L123: 2 | M123: 13 | N123: 24/09/2021 | O123: 25/09/2021 | P123: Septiembre
A124: 118 | C124: CIUDAD DEL CARMEN, CAMPECHE | D124: 27354 | E124: Subdirección de Perforación y Mantenimiento de Pozos | F124: Gerencia de Perforación y Reparación de Pozos Marina | G124: SISTEMA DE PERMISOS PARA TRABAJOS CON RIESGO (SPTR) | H124: PRESENCIAL | I124: 489671 | J124: Pedro Zacarias Alcocer | K124: 24 | L124: 3 | M124: 9 | N124: 25/09/2021 | O124: 27/09/2021 | P124: Septiembre
A125: 119 | C125: CIUDAD DEL CARMEN, CAMPECHE | D125: 26095 | E125: Subdirección de Producción Región Marina Noreste | F125: Activo de Producción Cantarell | G125: REVALIDACION DE SEGURIDAD Y SOBREVIVENCIA COSTA AFUERA (RSSCA) | H125: PRESENCIAL | I125: 389970 | J125: Azariel Lopez Lara | K125: 16 | L125: 2 | M125: 20 | N125: 27/09/2021 | O125: 28/09/2021 | P125: Septiembre
A126: 120 | C126: CIUDAD DEL CARMEN, CAMPECHE | D126: 28129 | E126: Subdirección de Producción Región Marina Noreste | F126: Activo de Producción Cantarell | G126: SOBREVIVENCIA EN EL MAR (SM) | H126: PRESENCIAL | I126: 510745 | J126: Cesar Ivan Chulines Granados | K126: 16 | L126: 2 | M126: 6 | N126: 27/09/2021 | O126: 28/09/2021 | P126: Septiembre
A127: 121 | C127: CIUDAD DEL CARMEN, CAMPECHE | D127: 26403 | E127: Subdirección de Producción Región Marina Noreste | F127: Activo de Producción Cantarell | G127: REACREDITACION DE SIGNATARIOS DEL SPPTR (RSPTR) | H127: A DISTANCIA | I127: 458886 | J127: Edgar Mendoza Rodriguez | K127: 8 | L127: 1 | M127: 15 | N127: 29/09/2021 | O127: 29/09/2021 | P127: Septiembre
A128: 122 | C128: CIUDAD DEL CARMEN, CAMPECHE | D128: 24920 | E128: Subdirección de Coordinación Operativa y Comercial | F128: Gerencia de Coordinación de Operaciones | G128: REVALIDACION DE SEGURIDAD Y SOBREVIVENCIA COSTA AFUERA (RSSCA) | H128: PRESENCIAL | I128: 354951 | J128: Raul Armando Garza Torre | K128: 16 | L128: 2 | M128: 1 | N128: 28/09/2021 | O128: 29/09/2021 | P128: Septiembre
A129: 123 | C129: CIUDAD DEL CARMEN, CAMPECHE | D129: 26098 | E129: Subdirección de Producción Región Marina Noreste | F129: Activo de Producción Cantarell | G129: REVALIDACION DE SEGURIDAD Y SOBREVIVENCIA COSTA AFUERA (RSSCA) | H129: PRESENCIAL | I129: 389970 | J129: Azariel Lopez Lara | K129: 16 | L129: 2 | M129: 20 | N129: 29/09/2021 | O129: 30/09/2021 | P129: Septiembre
A130: 124 | C130: CIUDAD DEL CARMEN, CAMPECHE | D130: 26040 | E130: Subdirección de Perforación y Mantenimiento de Pozos | F130: Gerencia de Perforación y Reparación de Pozos Marina | G130: VERIFICADOR DE GAS (VG) | H130: PRESENCIAL | I130: 354951 | J130: Raul Armando Garza Torre | K130: 8 | L130: 1 | M130: 5 | N130: 30/09/2021 | O130: 30/09/2021 | P130: Septiembre
A131: 125 | C131: CIUDAD DEL CARMEN, CAMPECHE | D131: 26044 | E131: Subdirección de Perforación y Mantenimiento de Pozos | F131: Gerencia de Perforación y Reparación de Pozos Marina | G131: BRIGADAS DE BUSQUEDA Y RESCATE (BBR) | H131: PRESENCIAL | I131: 316048 | J131: Francisco Carvallo Uscanga | K131: 24 | L131: 3 | M131: 12 | N131: 29/09/2021 | O131: 01/10/2021 | P131: Septiembre
A132: 126 | C132: CIUDAD DEL CARMEN, CAMPECHE | D132: 26406 | E132: Subdirección de Producción Región Marina Noreste | F132: Activo de Producción Cantarell | G132: REACREDITACION DE SIGNATARIOS DEL SPPTR (RSPTR) | H132: A DISTANCIA | I132: 510745 | J132: Cesar Ivan Chulines Granados | K132: 8 | L132: 1 | M132: 8 | N132: 01/10/2021 | O132: 02/10/2021 | P132: Octubre
A133: 127 | C133: CIUDAD DEL CARMEN, CAMPECHE | D133: 26407 | E133: Subdirección de Producción Región Marina Noreste | F133: Activo de Producción Cantarell | G133: REACREDITACION DE SIGNATARIOS DEL SPPTR (RSPTR) | H133: A DISTANCIA | I133: 350060 | J133: Hernan Zurita Dominguez | K133: 8 | L133: 1 | M133: 11 | N133: 01/10/2021 | O133: 02/10/2021 | P133: Octubre
A134: 128 | C134: CIUDAD DEL CARMEN, CAMPECHE | D134: 27355 | E134: Subdirección de Perforación y Mantenimiento de Pozos | F134: Gerencia de Perforación y Reparación de Pozos Marina | G134: SISTEMA DE PERMISOS PARA TRABAJOS CON RIESGO (SPTR) | H134: PRESENCIAL | I134: 419491 | J134: Julio Andres Barrios Almazan | K134: 24 | L134: 3 | M134: 12 | N134: 30/09/2021 | O134: 02/10/2021 | P134: Septiembre
A135: 129 | C135: CIUDAD DEL CARMEN, CAMPECHE | D135: 26375 | E135: Subdirección de Producción Región Marina Noreste | F135: Activo de Producción Cantarell | G135: REACREDITACION DE SIGNATARIOS DEL SPPTR (RSPTR) | H135: A DISTANCIA | I135: 510745 | J135: Cesar Ivan Chulines Granados | K135: 8 | L135: 1 | M135: 20 | N135: 05/10/2021 | O135: 06/10/2021 | P135: Octubre
A136: 130 | C136: CIUDAD DEL CARMEN, CAMPECHE | D136: 28029 | E136: Subdirección de Perforación y Mantenimiento de Pozos | F136: Gerencia de Servicios a Pozos | G136: SOBREVIVENCIA EN EL MAR (SM) | H136: PRESENCIAL | I136: CASES | J136: INSTRUCTOR CASES . | K136: 16 | L136: 2 | M136: 3 | N136: 05/10/2021 | O136: 06/10/2021 | P136: Octubre
A137: 131 | C137: CIUDAD DEL CARMEN, CAMPECHE | D137: 26093 | E137: Subdirección de Producción Región Marina Noreste | F137: Activo de Producción Cantarell | G137: REVALIDACION DE SEGURIDAD Y SOBREVIVENCIA COSTA AFUERA (RSSCA) | H137: PRESENCIAL | I137: 389970 | J137: Azariel Lopez Lara | K137: 16 | L137: 2 | M137: 20 | N137: 06/10/2021 | O137: 07/10/2021 | P137: Octubre
A138: 132 | C138: CIUDAD DEL CARMEN, CAMPECHE | D138: 27356 | E138: Subdirección de Perforación y Mantenimiento de Pozos | F138: Gerencia de Perforación y Reparación de Pozos Marina | G138: SISTEMA DE PERMISOS PARA TRABAJOS CON RIESGO (SPTR) | H138: PRESENCIAL | I138: 419491 | J138: Julio Andres Barrios Almazan | K138: 24 | L138: 3 | M138: 9 | N138: 05/10/2021 | O138: 07/10/2021 | P138: Octubre
A139: 133 | C139: CIUDAD DEL CARMEN, CAMPECHE | D139: 24752 | E139: Subdirección de Coordinación Operativa y Comercial | F139: Gerencia de Coordinación de Operaciones | G139: SISTEMA DE PERMISOS PARA TRABAJOS CON RIESGO (SPTR) | H139: PRESENCIAL | I139: 354951 | J139: Raul Armando Garza Torre | K139: 24 | L139: 3 | M139: 1 | N139: 06/10/2021 | O139: 08/10/2021 | P139: Octubre
A140: 134 | C140: CIUDAD DEL CARMEN, CAMPECHE | D140: 26045 | E140: Subdirección de Perforación y Mantenimiento de Pozos | F140: Gerencia de Perforación y Reparación de Pozos Marina | G140: BRIGADAS DE BUSQUEDA Y RESCATE (BBR) | H140: PRESENCIAL | I140: 316048 | J140: Francisco Carvallo Uscanga | K140: 24 | L140: 3 | M140: 7 | N140: 08/10/2021 | O140: 10/10/2021 | P140: Octubre
A141: 135 | C141: CIUDAD DEL CARMEN, CAMPECHE | D141: 26391 | E141: Subdirección de Producción Región Marina Noreste | F141: Activo de Producción Cantarell | G141: REACREDITACION DE SIGNATARIOS DEL SPPTR (RSPTR) | H141: PRESENCIAL | I141: 374253 | J141: Eduardo Gonzalez Rodriguez | K141: 8 | L141: 1 | M141: 20 | N141: 11/10/2021 | O141: 11/10/2021 | P141: Octubre
A142: 136 | C142: CIUDAD DEL CARMEN, CAMPECHE | D142: 21438 | E142: Subdirección de Producción Región Marina Noreste | F142: Gerencia de Mantenimiento, Confiabilidad y Construcción | G142: REVALIDACION DE SEGURIDAD Y SOBREVIVENCIA COSTA AFUERA (RSSCA) | H142: PRESENCIAL | I142: 389970 | J142: Azariel Lopez Lara | K142: 16 | L142: 2 | M142: 8 | N142: 13/10/2021 | O142: 14/10/2021 | P142: Octubre
A143: 137 | C143: CIUDAD DEL CARMEN, CAMPECHE | D143: 26417 | E143: Subdirección de Producción Región Marina Noreste | F143: Activo de Producción Cantarell | G143: REVALIDACION BASICO DE SEGURIDAD (BS) | H143: PRESENCIAL | I143: 354951 | J143: Raul Armando Garza Torre | K143: 8 | L143: 1 | M143: 12 | N143: 14/10/2021 | O143: 14/10/2021 | P143: Octubre
A144: 138 | C144: CIUDAD DEL CARMEN, CAMPECHE | D144: 26385 | E144: Subdirección de Producción Región Marina Noreste | F144: Activo de Producción Cantarell | G144: REACREDITACION DE SIGNATARIOS DEL SPPTR (RSPTR) | H144: PRESENCIAL | I144: 374253 | J144: Eduardo Gonzalez Rodriguez | K144: 8 | L144: 1 | M144: 20 | N144: 15/10/2021 | O144: 15/10/2021 | P144: Octubre
A145: 139 | C145: CIUDAD DEL CARMEN, CAMPECHE | D145: 27357 | E145: Subdirección de Perforación y Mantenimiento de Pozos | F145: Gerencia de Perforación y Reparación de Pozos Marina | G145: SISTEMA DE PERMISOS PARA TRABAJOS CON RIESGO (SPTR) | H145: PRESENCIAL | I145: 489671 | J145: Pedro Zacarias Alcocer | K145: 24 | L145: 3 | M145: 12 | N145: 14/10/2021 | O145: 16/10/2021 | P145: Octubre
A146: 140 | C146: CIUDAD DEL CARMEN, CAMPECHE | D146: 24071 | E146: Subdirección de Administración de Servicios para Exploración y Producción | F146: Coordinación de Servicios Marinos y de Mantenimiento, Confiabilidad y Construcción de Infraestructura | G146: SEGURIDAD Y SOBREVIVENCIA COSTA AFUERA (SSCA) | H146: PRESENCIAL | I146: 350060 | J146: Hernan Zurita Dominguez | K146: 24 | L146: 3 | M146: 7 | N146: 15/10/2021 | O146: 17/10/2021 | P146: Octubre
A147: 141 | C147: CIUDAD DEL CARMEN, CAMPECHE | D147: 24835 | E147: Subdirección de Exploración | F147: Gerencia de Caracterización de Yacimientos y Exploración de Campos | G147: BRIGADAS DE PRIMEROS AUXILIOS(BPA) | H147: PRESENCIAL | I147: 332706 | J147: Damian Celis Cruz | K147: 16 | L147: 2 | M147: 2 | N147: 20/10/2021 | O147: 21/10/2021 | P147: Octubre
A148: 142 | C148: CIUDAD DEL CARMEN, CAMPECHE | D148: 27358 | E148: Subdirección de Perforación y Mantenimiento de Pozos | F148: Gerencia de Perforación y Reparación de Pozos Marina | G148: SISTEMA DE PERMISOS PARA TRABAJOS CON RIESGO (SPTR) | H148: PRESENCIAL | I148: 489671 | J148: Pedro Zacarias Alcocer | K148: 24 | L148: 3 | M148: 12 | N148: 19/10/2021 | O148: 21/10/2021 | P148: Octubre
... A172: 166 | C172: CIUDAD DEL CARMEN, CAMPECHE | D172: 26383 | E172: Subdirección de Producción Región Marina Noreste | F172: Activo de Producción Cantarell | G172: REACREDITACION DE SIGNATARIOS DEL SPPTR (RSPTR) | H172: PRESENCIAL | I172: 374253 | J172: Eduardo Gonzalez Rodriguez | K172: 8 | L172: 1 | M172: 20 | N172: 26/11/2021 | O172: 26/11/2021 | P172: Noviembre
A173: 167 | C173: CIUDAD DEL CARMEN, CAMPECHE | D173: 28030 | E173: Subdirección de Perforación y Mantenimiento de Pozos | F173: Gerencia de Servicios a Pozos | G173: SOBREVIVENCIA EN EL MAR (SM) | H173: PRESENCIAL | I173: CASES | J173: INSTRUCTOR CASES . | K173: 16 | L173: 2 | M173: 7 | N173: 25/11/2021 | O173: 26/11/2021 | P173: Noviembre
A174: 168 | C174: CIUDAD DEL CARMEN, CAMPECHE | D174: 26160 | E174: Subdirección de Perforación y Mantenimiento de Pozos | F174: Gerencia de Perforación y Reparación de Pozos Marina | G174: SEGURIDAD Y SOBREVIVENCIA COSTA AFUERA (SSCA) | H174: PRESENCIAL | I174: 350060 | J174: Hernan Zurita Dominguez | K174: 24 | L174: 3 | M174: 12 | N174: 25/11/2021 | O174: 27/11/2021 | P174: Noviembre
A175: 169 | C175: CIUDAD DEL CARMEN, CAMPECHE | D175: 27341 | E175: Subdirección de Perforación y Mantenimiento de Pozos | F175: Gerencia de Perforación y Reparación de Pozos Marina | G175: SISTEMA DE PERMISOS PARA TRABAJOS CON RIESGO (SPTR) | H175: PRESENCIAL | I175: 419491 | J175: Julio Andres Barrios Almazan | K175: 24 | L175: 3 | M175: 12 | N175: 25/11/2021 | O175: 27/11/2021 | P175: Noviembre
A176: 170 | C176: CIUDAD DEL CARMEN, CAMPECHE | D176: 25934 | E176: Subdirección de Perforación y Mantenimiento de Pozos | F176: Gerencia de Perforación y Reparación de Pozos Marina | G176: BRIGADAS CONTRAINCENDIOS (BCII) | H176: PRESENCIAL | I176: 316048 | J176: Francisco Carvallo Uscanga | K176: 24 | L176: 3 | M176: 5 | N176: 25/11/2021 | O176: 27/11/2021 | P176: Noviembre
A177: 171 | C177: CIUDAD DEL CARMEN, CAMPECHE | D177: 26092 | E177: Subdirección de Producción Región Marina Noreste | F177: Activo de Producción Cantarell | G177: REVALIDACION DE SEGURIDAD Y SOBREVIVENCIA COSTA AFUERA (RSSCA) | H177: PRESENCIAL | I177: 389970 | J177: Azariel Lopez Lara | K177: 16 | L177: 2 | M177: 20 | N177: 30/11/2021 | O177: 01/12/2021 | P177: Noviembre
A178: 172 | C178: CIUDAD DEL CARMEN, CAMPECHE | D178: 21445 | E178: Subdirección de Producción Región Marina Noreste | F178: Gerencia de Mantenimiento, Confiabilidad y Construcción | G178: BASICO DE SEGURIDAD (BS) | H178: PRESENCIAL | I178: 354951 | J178: Raul Armando Garza Torre | K178: 16 | L178: 2 | M178: 12 | N178: 30/11/2021 | O178: 01/12/2021 | P178: Noviembre
A179: 173 | C179: CIUDAD DEL CARMEN, CAMPECHE | D179: 26379 | E179: Subdirección de Producción Región Marina Noreste | F179: Activo de Producción Cantarell | G179: REACREDITACION DE SIGNATARIOS DEL SPPTR (RSPTR) | H179: PRESENCIAL | I179: 374253 | J179: Eduardo Gonzalez Rodriguez | K179: 8 | L179: 1 | M179: 20 | N179: 03/12/2021 | O179: 03/12/2021 | P179: Diciembre
A180: 174 | C180: CIUDAD DEL CARMEN, CAMPECHE | D180: 26101 | E180: Subdirección de Producción Región Marina Noreste | F180: Activo de Producción Cantarell | G180: REVALIDACION DE SEGURIDAD Y SOBREVIVENCIA COSTA AFUERA (RSSCA) | H180: PRESENCIAL | I180: 389970 | J180: Azariel Lopez Lara | K180: 16 | L180: 2 | M180: 20 | N180: 06/12/2021 | O180: 07/12/2021 | P180: Diciembre
A181: 175 | C181: CIUDAD DEL CARMEN, CAMPECHE | D181: 26106 | E181: Subdirección de Producción Región Marina Noreste | F181: Activo de Producción Cantarell | G181: REVALIDACION DE SEGURIDAD Y SOBREVIVENCIA COSTA AFUERA (RSSCA) | H181: PRESENCIAL | I181: 350060 | J181: Hernan Zurita Dominguez | K181: 16 | L181: 4 | M181: 9 | N181: 06/12/2021 | O181: 08/12/2021 | P181: Diciembre
A182: 176 | C182: CIUDAD DEL CARMEN, CAMPECHE | D182: 26041 | E182: Subdirección de Perforación y Mantenimiento de Pozos | F182: Gerencia de Perforación y Reparación de Pozos Marina | G182: VERIFICADOR DE GAS (VG) | H182: PRESENCIAL | I182: 489671 | J182: Pedro Zacarias Alcocer | K182: 8 | L182: 2 | M182: 5 | N182: 09/12/2021 | O182: 09/12/2021 | P182: Diciembre
A183: 177 | C183: CIUDAD DEL CARMEN, CAMPECHE | D183: 26099 | E183: Subdirección de Producción Región Marina Noreste | F183: Activo de Producción Cantarell | G183: REVALIDACION DE SEGURIDAD Y SOBREVIVENCIA COSTA AFUERA (RSSCA) | H183: PRESENCIAL | I183: 389970 | J183: Azariel Lopez Lara | K183: 16 | L183: 2 | M183: 20 | N183: 09/12/2021 | O183: 10/12/2021 | P183: Diciembre
A184: 178 | C184: CIUDAD DEL CARMEN, CAMPECHE | D184: 24924 | E184: Subdirección de Coordinación Operativa y Comercial | F184: Gerencia de Coordinación de Operaciones | G184: REVALIDACION DE SEGURIDAD Y SOBREVIVENCIA COSTA AFUERA (RSSCA) | H184: PRESENCIAL | I184: 354951 | J184: Raul Armando Garza Torre | K184: 16 | L184: 2 | M184: 2 | N184: 09/12/2021 | O184: 10/12/2021 | P184: Diciembre
A185: 179 | C185: CIUDAD DEL CARMEN, CAMPECHE | D185: 28031 | E185: Subdirección de Perforación y Mantenimiento de Pozos | F185: Gerencia de Servicios a Pozos | G185: SOBREVIVENCIA EN EL MAR (SM) | H185: PRESENCIAL | I185: CASES | J185: INSTRUCTOR CASES . | K185: 16 | L185: 2 | M185: 7 | N185: 09/12/2021 | O185: 10/12/2021 | P185: Diciembre
A186: 180 | C186: CIUDAD DEL CARMEN, CAMPECHE | D186: 26392 | E186: Subdirección de Producción Región Marina Noreste | F186: Activo de Producción Cantarell | G186: REACREDITACION DE SIGNATARIOS DEL SPPTR (RSPTR) | H186: A DISTANCIA | I186: 510745 | J186: Cesar Ivan Chulines Granados | K186: 8 | L186: 1 | M186: 18 | N186: 15/12/2021 | O186: 16/12/2021 | P186: Diciembre
A187: 181 | C187: CIUDAD DEL CARMEN, CAMPECHE | D187: 26100 | E187: Subdirección de Producción Región Marina Noreste | F187: Activo de Producción Cantarell | G187: REVALIDACION DE SEGURIDAD Y SOBREVIVENCIA COSTA AFUERA (RSSCA) | H187: PRESENCIAL | I187: 389970 | J187: Azariel Lopez Lara | K187: 16 | L187: 2 | M187: 20 | N187: 16/12/2021 | O187: 17/12/2021 | P187: Diciembre
A188: 182 | C188: CIUDAD DEL CARMEN, CAMPECHE | D188: 24753 | E188: Subdirección de Coordinación Operativa y Comercial | F188: Gerencia de Coordinación de Operaciones | G188: SISTEMA DE PERMISOS PARA TRABAJOS CON RIESGO (SPTR) | H188: PRESENCIAL | I188: 354951 | J188: Raul Armando Garza Torre | K188: 24 | L188: 3 | M188: 5 | N188: 22/12/2021 | O188: 24/12/2021 | P188: Diciembre
A189: 183 | C189: CIUDAD DEL CARMEN, CAMPECHE | D189: 26102 | E189: Subdirección de Producción Región Marina Noreste | F189: Activo de Producción Cantarell | G189: REVALIDACION DE SEGURIDAD Y SOBREVIVENCIA COSTA AFUERA (RSSCA) | H189: PRESENCIAL | I189: 389970 | J189: Azariel Lopez Lara | K189: 16 | L189: 2 | M189: 20 | N189: 27/12/2021 | O189: 28/12/2021 | P189: Diciembre
A190: 1 | C190: ALTAMIRA, TAMAULIPAS | D190: 23203 | E190: Subdirección de Perforación y Mantenimiento de Pozos | F190: Gerencia de Perforación y Reparación de Pozos Terrestre Norte | G190: ACIDO SULFHIDRICO (H2S) | H190: PRESENCIAL | I190: 686135 | J190: Jesus Alfredo Duran Enriquez | K190: 8 | L190: 1 | M190: 10 | N190: 05/04/2021 | O190: 44291 | P190: Abril
A191: 2 | C191: ALTAMIRA, TAMAULIPAS | D191: 29234 | E191: Subdirección de Perforación y Mantenimiento de Pozos | F191: Gerencia de Perforación y Reparación de Pozos Terrestre Norte | G191: BRIGADAS DE PRIMEROS AUXILIOS(BPA) | H191: PRESENCIAL | I191: 686135 | J191: Jesus Alfredo Duran Enriquez | K191: 16 | L191: 2 | M191: 8 | N191: 30/04/2021 | O191: 44317 | P191: Abril
A192: 3 | C192: VILLAHERMOSA, TABASCO | D192: 25606 | E192: Subdirección de Perforación y Mantenimiento de Pozos | F192: Gerencia de Perforación y Reparación de Pozos Terrestre Sur | G192: BRIGADAS DE PRIMEROS AUXILIOS(BPA) | H192: PRESENCIAL | I192: 316211 | J192: Norma Alicia Torres Hernandez | K192: 16 | L192: 2 | M192: 5 | N192: 03/05/2021 | O192: 44320 | P192: Mayo
A193: 4 | C193: ALTAMIRA, TAMAULIPAS | D193: 23205 | E193: Subdirección de Perforación y Mantenimiento de Pozos | F193: Gerencia de Perforación y Reparación de Pozos Terrestre Norte | G193: ACIDO SULFHIDRICO (H2S) | H193: PRESENCIAL | I193: 686135 | J193: Jesus Alfredo Duran Enriquez | K193: 8 | L193: 1 | M193: 8 | N193: 04/05/2021 | O193: 44320 | P193: Mayo
A194: 5 | C194: REYNOSA, TAMAULIPAS | D194: 24901 | E194: Subdirección de Perforación y Mantenimiento de Pozos | F194: Gerencia de Perforación y Reparación de Pozos Terrestre Norte | G194: PREVENCION DE RIESGOS LABORALES | H194: PRESENCIAL | I194: 520356 | J194: Raymundo Olivera Zaragoza | K194: 16 | L194: 2 | M194: 8 | N194: 06/05/2021 | O194: 44323 | P194: Mayo
A195: 6 | C195: AGUA DULCE, VERACRUZ | D195: 30820 | E195: Subdirección de Perforación y Mantenimiento de Pozos | F195: Gerencia de Perforación y Reparación de Pozos Terrestre Sur | G195: BASICO DE SEGURIDAD (BS) | H195: PRESENCIAL | I195: 197260 | J195: Manuel Gordillo Izquierdo | K195: 16 | L195: 2 | M195: 10 | N195: 06/05/2021 | O195: 44323 | P195: Mayo
A196: 7 | C196: CENTRO DE CAPACITACION CASTAÑO | D196: 25645 | E196: Subdirección de Perforación y Mantenimiento de Pozos | F196: Gerencia de Perforación y Reparación de Pozos Terrestre Sur | G196: ENTRENAMIENTO BASICO EN SISTEMA PEMEX SSPA (EB SSPA) | H196: PRESENCIAL | I196: 679358 | J196: Jose Enrique Bergman Ocampo | K196: 16 | L196: 2 | M196: 5 | N196: 17/05/2021 | O196: 44334 | P196: Mayo
A197: 8 | C197: REYNOSA, TAMAULIPAS | D197: 24904 | E197: Subdirección de Perforación y Mantenimiento de Pozos | F197: Gerencia de Perforación y Reparación de Pozos Terrestre Norte | G197: PREVENCION DE RIESGOS LABORALES | H197: PRESENCIAL | I197: 402802 | J197: Felipe Eleazar Reyes Delgado | K197: 16 | L197: 2 | M197: 10 | N197: 18/05/2021 | O197: 44335 | P197: Mayo
...

Sheet Seguimiento
T2: Fecha de corte
T3: 44561
I5: Periodo
C6: PICADE Autorizado | E6: Vencidos antes de PICADE | G6: PICADE Ajustado con LN | I6: 01 de ene al | L6: =CONCATENATE(TEXT(T3, "dd"), " de ", TEXT(T3, "mmmm")," de ",TEXT(T3,"aaaa")) -> 31 de diciembre de 2021
B7: Zona | C7: Cursos | D7: Capacitandos | E7: Cursos | F7: Capacitandos | G7: Cursos | H7: Capacitandos | I7: Programados | J7: Capacitandos | K7: Realizados en prog. | L7: Adicionales | M7: Total Realizados | N7: Capacitandos | O7: Capacitandos Adicionales | P7: Cancelados | Q7: Cumplimiento en el periodo (%) | R7: Avance del PICADE ajustado (%)
B8: Norte | C8: =C26 -> 229 | D8: =D26 -> 1879 | E8: =E26 -> 31 | F8: =F26 -> 248 | G8: =G26 -> 198 | H8: =H26 -> 1631 | I8: =I26 -> 198 | J8: =J26 -> 1631 | ... L8: =L26 -> 5 | M8: =K8+L8 -> 172 | N8: =N26 -> 1135 | O8: =Adicionales!G5 -> 42 | P8: =P26 -> 31 | Q8: =IFERROR(M8/(I8+L8), "-") -> 0.84729064 | R8: =IFERROR(M8/(G8+L8), "-") -> 0.84729064 | S8: =+K8/I8 -> 0.84343434
B9: Sur | C9: =C37 -> 257 | D9: =D37 -> 3015 | E9: =E37 -> 27 | F9: =F37 -> 265 | G9: =G37 -> 139 | H9: =H37 -> 1801 | I9: =I37 -> 139 | J9: =J37 -> 1801 | K9: =K37 -> 69 | L9: =Adicionales!F4 -> 34 | M9: =K9+L9 -> 103 | N9: =N37 -> 585 | O9: =Adicionales!G4 -> 310 | P9: =P37 -> 120 | Q9: =IFERROR(M9/(I9+L9), "-") -> 0.59537572 | R9: =IFERROR(M9/(G9+L9), "-") -> 0.59537572 | S9: =+K9/I9 -> 0.49640288
B10: Cd. Carmen | C10: ='Cd. Carmen'!F2 -> 183 | D10: ='Cd. Carmen'!F3 -> 2126 | E10: ='Cd. Carmen'!H1 -> 19 | F10: ='Cd. Carmen'!H2 -> 208 | G10: ='Cd. Carmen'!L4 -> 164 | H10: ='Cd. Carmen'!L3 -> 1918 | I10: ='Cd. Carmen'!F4 -> 164 | J10: ='Cd. Carmen'!F5 -> 1918 | K10: ='Cd. Carmen'!H3 -> 95 | L10: =Adicionales!F3 -> 38 | M10: =K10+L10 -> 133 | N10: ='Cd. Carmen'!H4 -> 843 | O10: =+Adicionales!G3 -> 398 | P10: ='Cd. Carmen'!H5 -> 71 | Q10: =IFERROR(M10/(I10+L10), "-") -> 0.65841584 | R10: =IFERROR(M10/(G10+L10), "-") -> 0.65841584 | S10: =+K10/I10 -> 0.57926829
B11: Dos Bocas | C11: ='Dos Bocas'!G2 -> 188 | D11: ='Dos Bocas'!G3 -> 1068 | E11: ='Dos Bocas'!I1 -> 3 | F11: ='Dos Bocas'!I2 -> 28 | G11: ='Dos Bocas'!M4 -> 88 | H11: ='Dos Bocas'!M3 -> 928 | I11: ='Dos Bocas'!G4 -> 88 | J11: ='Dos Bocas'!G5 -> 928 | K11: ='Dos Bocas'!I3 -> 83 | L11: =Adicionales!F2 -> 23 | M11: =K11+L11 -> 106 | N11: ='Dos Bocas'!I4 -> 723 | O11: =+Adicionales!G2 -> 284 | P11: ='Dos Bocas'!I5 -> 6 | Q11: =IFERROR(M11/(I11+L11), "-") -> 0.95495495 | R11: =IFERROR(M11/(G11+L11), "-") -> 0.95495495 | S11: =+K11/I11 -> 0.94318182
B12: Perforación | C12: =Perforación!F2 -> 81 | D12: =Perforación!F3 -> 579 | E12: =Perforación!H1 -> 1 | F12: =Perforación!H2 -> 10 | G12: =C12-E12 -> 80 | H12: =D12-F12 -> 569 | I12: =Perforación!F4 -> 80 | J12: =Perforación!F5 -> 569 | K12: =Perforación!H3 -> 32 | L12: =Adicionales!F6 -> 1 | M12: =K12+L12 -> 33 | N12: =Perforación!H4 -> 210 | O12: =Adicionales!G6 -> 5 | P12: =Perforación!H5 -> 48 | Q12: =IFERROR(M12/(I12+L12), "-") -> 0.40740741 | R12: =IFERROR(M12/(G12+L12), "-") -> 0.40740741 | S12: =+K12/I12 -> 0.4
B13: Cd. Méx. | C13: ='Cd. Méx'!F2 -> 4 | D13: ='Cd. Méx'!F3 -> 8 | E13: ='Cd. Méx'!H1 -> 0 | F13: ='Cd. Méx'!H2 -> 0 | G13: ='Cd. Méx'!L4 -> 0 | H13: ='Cd. Méx'!L3 -> 0 | I13: 0 | J13: 0 | K13: ='Cd. Méx'!H3 -> 0 | M13: =K13+L13 -> 0 | N13: ='Cd. Méx'!H4 -> 0 | P13: ='Cd. Méx'!H5 -> 2 | Q13: =IFERROR(M13/(I13+L13), "-") -> - | R13: =IFERROR(M13/(G13+L13), "-") -> - | S13: =+K13/I13 -> #DIV/0!
B14: Sede | C14: =Sede!F2 -> 4 | D14: =Sede!F3 -> 21 | E14: =Sede!H1 -> 0 | F14: =Sede!H2 -> 0 | G14: =Sede!L4 -> 3 | H14: =Sede!L3 -> 17 | I14: 3 | J14: 17 | K14: =Sede!H3 -> 0 | M14: =K14+L14 -> 0 | N14: =Sede!H4 -> 0 | P14: =Sede!H5 -> 4 | Q14: =IFERROR(M14/(I14+L14), "-") -> 0 | R14: =IFERROR(M14/(G14+L14), "-") -> 0 | S14: =+K14/I14 -> 0
B15: Total PEP | C15: =SUM(C8:C14) -> 946 | D15: =SUM(D8:D14) -> 8696 | E15: =SUM(E8:E14) -> 81 | F15: =SUM(F8:F14) -> 759 | G15: =SUM(G8:G14) -> 672 | H15: =SUM(H8:H14) -> 6864 | I15: =SUM(I8:I14) -> 672 | J15: =SUM(J8:J14) -> 6864 | ... L15: =SUM(L8:L14) -> 101 | M15: 547 | N15: =SUM(N8:N14) -> 3496 | O15: =SUM(O8:O14) -> 1039 | P15: =SUM(P8:P14) -> 282 | Q15: =IFERROR(M15/(I15+L15), "-") -> 0.7076326 | R15: =IFERROR(M15/(G15+L15), "-") -> 0.7076326 | S15: =+K15/I15 -> 0.66369048
C17: =+E15+G15+G17 -> 753
I18: Periodo
C19: PICADE Autorizado | E19: Vencidos antes de PICADE | G19: PICADE Ajustado con LN | I19: 19 de abril al | L19: =CONCATENATE(TEXT(T3, "dd"), " de ", TEXT(T3, "mmmm")," de ",TEXT(T3,"aaaa")) -> 31 de diciembre de 2021
B20: Región Norte | C20: Cursos | D20: Capacitandos | E20: Cursos | F20: Capacitandos | G20: Cursos | H20: Capacitandos | I20: Programados | J20: Capacitandos | K20: Realizados en prog. | L20: Adicionales | M20: Realizados | N20: Capacitandos | O20: Capacitandos Adicionales | P20: Cancelados | Q20: Cumplimiento en el periodo (%) | R20: Avance del PICADE ajustado (%)
B21: Reynosa | C21: =Reynosa!F2 -> 56 | D21: =Reynosa!F3 -> 586 | E21: =Reynosa!H1 -> 0 | F21: =Reynosa!H2 -> 0 | G21: =Reynosa!F2 -> 56 | H21: =D21 -> 586 | I21: =Reynosa!F4 -> 56 | J21: =Reynosa!F5 -> 586 | K21: =Reynosa!H3 -> 54 | L21: 5 | M21: =K21+L21 -> 59 | N21: =Reynosa!H4 -> 497 | O21: 42 | P21: =Reynosa!H5 -> 2 | Q21: =IFERROR(M21/(I21+L21), "-") -> 0.96721311 | R21: =IFERROR(M21/(G21+L21), "-") -> 0.96721311
B22: Altamira | C22: =Altamira!F2 -> 40 | D22: =Altamira!F3 -> 358 | E22: =Altamira!H1 -> 5 | F22: =Altamira!H2 -> 46 | G22: =C22-E22 -> 35 | H22: =D22-F22 -> 312 | I22: =Altamira!F4 -> 35 | J22: =Altamira!F5 -> 312 | K22: =Altamira!H3 -> 30 | M22: =K22+L22 -> 30 | N22: =Altamira!H4 -> 203 | P22: =Altamira!H5 -> 5 | Q22: =IFERROR(M22/(I22+L22), "-") -> 0.85714286 | R22: =IFERROR(M22/(G22+L22), "-") -> 0.85714286
B23: Naranjos-Cerro A | C23: ='Naranjos-Cerro A'!F2 -> 29 | D23: ='Naranjos-Cerro A'!F3 -> 245 | E23: ='Naranjos-Cerro A'!H1 -> 5 | F23: ='Naranjos-Cerro A'!H2 -> 43 | G23: =C23-E23 -> 24 | H23: =D23-F23 -> 202 | I23: ='Naranjos-Cerro A'!F4 -> 24 | J23: ='Naranjos-Cerro A'!F5 -> 202 | K23: ='Naranjos-Cerro A'!H3 -> 20 | M23: =K23+L23 -> 20 | N23: ='Naranjos-Cerro A'!H4 -> 138 | P23: ='Naranjos-Cerro A'!H5 -> 4 | Q23: =IFERROR(M23/(I23+L23), "-") -> 0.83333333 | R23: =IFERROR(M23/(G23+L23), "-") -> 0.83333333
B24: Poza Rica | C24: ='Poza Rica'!F2 -> 64 | D24: ='Poza Rica'!F3 -> 509 | E24: ='Poza Rica'!H1 -> 18 | F24: ='Poza Rica'!H2 -> 135 | G24: =C24-E24 -> 46 | H24: =D24-F24 -> 374 | I24: ='Poza Rica'!F4 -> 46 | J24: ='Poza Rica'!F5 -> 374 | K24: ='Poza Rica'!H3 -> 29 | M24: =K24+L24 -> 29 | N24: ='Poza Rica'!H4 -> 194 | P24: ='Poza Rica'!H5 -> 17 | Q24: =IFERROR(M24/(I24+L24), "-") -> 0.63043478 | R24: =IFERROR(M24/(G24+L24), "-") -> 0.63043478
B25: Veracruz | C25: =Veracruz!F2 -> 40 | D25: =Veracruz!F3 -> 181 | E25: =Veracruz!H1 -> 3 | F25: =Veracruz!H2 -> 24 | G25: =C25-E25 -> 37 | H25: =D25-F25 -> 157 | I25: =Veracruz!F4 -> 37 | J25: =Veracruz!F5 -> 157 | K25: =Veracruz!H3 -> 34 | M25: =K25+L25 -> 34 | N25: =Veracruz!H4 -> 103 | P25: =Veracruz!H5 -> 3 | Q25: =IFERROR(M25/(I25+L25), "-") -> 0.91891892 | R25: =IFERROR(M25/(G25+L25), "-") -> 0.91891892
B26: Norte | C26: =SUM(C21:C25) -> 229 | D26: =SUM(D21:D25) -> 1879 | E26: =SUM(E21:E25) -> 31 | F26: =SUM(F21:F25) -> 248 | G26: =SUM(G21:G25) -> 198 | H26: =SUM(H21:H25) -> 1631 | I26: =SUM(I21:I25) -> 198 | J26: =SUM(J21:J25) -> 1631 | ... L26: =SUM(L21:L25) -> 5 | M26: =K26+L26 -> 172 | N26: =SUM(N21:N25) -> 1135 | O26: =SUM(O21:O25) -> 42 | P26: =SUM(P21:P25) -> 31 | Q26: =IFERROR(M26/(I26+L26), "-") -> 0.84729064 | R26: =IFERROR(M26/(G26+L26), "-") -> 0.84729064
I29: Periodo
C30: PICADE Autorizado | E30: Vencidos antes de PICADE | G30: PICADE Ajustado con LN | I30: 19 de abril al | L30: =CONCATENATE(TEXT(T3, "dd"), " de ", TEXT(T3, "mmmm")," de ",TEXT(T3,"aaaa")) -> 31 de diciembre de 2021
B31: Región Sur | C31: Cursos | D31: Capacitandos | E31: Cursos | F31: Capacitandos | G31: Cursos | H31: Capacitandos | I31: Programados | J31: Capacitandos | K31: Realizados en prog. | L31: Adicionales | M31: Realizados | N31: Capacitandos | O31: Capacitandos Adicionales | P31: Cancelados | Q31: Cumplimiento en el periodo (%) | R31: Avance del PICADE ajustado (%)
B32: Cinco Presidentes | C32: ='Cinco Presidentes'!F2 -> 109 | D32: ='Cinco Presidentes'!F3 -> 1301 | E32: ='Cinco Presidentes'!H1 -> 4 | F32: ='Cinco Presidentes'!H2 -> 27 | G32: ='Cinco Presidentes'!L4 -> 66 | H32: ='Cinco Presidentes'!L3 -> 849 | I32: ='Cinco Presidentes'!F4 -> 66 | J32: ='Cinco Presidentes'!F5 -> 849 | K32: ='Cinco Presidentes'!H3 -> 18 | L32: 11 | M32: =K32+L32 -> 29 | N32: ='Cinco Presidentes'!H4 -> 172 | O32: 52 | P32: ='Cinco Presidentes'!H5 -> 79 | Q32: =IFERROR(M32/(I32+L32), "-") -> 0.37662338 | R32: =IFERROR(M32/(G32+L32), "-") -> 0.37662338
B33: Bellota Jujo | C33: ='Bellota Jujo'!F2 -> 41 | D33: ='Bellota Jujo'!F3 -> 627 | E33: ='Bellota Jujo'!H1 -> 3 | F33: ='Bellota Jujo'!H2 -> 51 | G33: ='Bellota Jujo'!L3 -> 28 | H33: ='Bellota Jujo'!L4 -> 455 | I33: ='Bellota Jujo'!F4 -> 28 | J33: ='Bellota Jujo'!F5 -> 455 | K33: ='Bellota Jujo'!H3 -> 17 | L33: 7 | M33: =K33+L33 -> 24 | N33: ='Bellota Jujo'!H4 -> 160 | O33: 8 | P33: ='Bellota Jujo'!H5 -> 11 | Q33: =IFERROR(M33/(I33+L33), "-") -> 0.68571429 | R33: =IFERROR(M33/(G33+L33), "-") -> 0.68571429
B34: Macuspana | C34: =Macuspana!F2 -> 55 | D34: =Macuspana!F3 -> 622 | E34: =Macuspana!H1 -> 8 | F34: =Macuspana!H2 -> 95 | G34: =Macuspana!L4 -> 16 | H34: =Macuspana!L3 -> 211 | I34: =Macuspana!F4 -> 16 | J34: =Macuspana!F5 -> 211 | K34: =Macuspana!H3 -> 12 | L34: 7 | M34: =K34+L34 -> 19 | N34: =Macuspana!H4 -> 81 | O34: 12 | P34: =Macuspana!H5 -> 12 | Q34: =IFERROR(M34/(I34+L34), "-") -> 0.82608696 | R34: =IFERROR(M34/(G34+L34), "-") -> 0.82608696
B35: Samaria Luna | C35: ='Samaria Luna'!F2 -> 30 | D35: ='Samaria Luna'!F3 -> 296 | E35: ='Samaria Luna'!H1 -> 7 | F35: ='Samaria Luna'!H2 -> 76 | G35: ='Samaria Luna'!L4 -> 21 | H35: ='Samaria Luna'!L3 -> 211 | I35: ='Samaria Luna'!F4 -> 21 | J35: ='Samaria Luna'!F5 -> 211 | K35: ='Samaria Luna'!H3 -> 17 | L35: 1 | M35: =K35+L35 -> 18 | N35: ='Samaria Luna'!H4 -> 119 | O35: 9 | P35: ='Samaria Luna'!H5 -> 4 | Q35: =IFERROR(M35/(I35+L35), "-") -> 0.81818182 | R35: =IFERROR(M35/(G35+L35), "-") -> 0.81818182
B36: Villahermosa | C36: =Villahermosa!F2 -> 22 | D36: =Villahermosa!F3 -> 169 | E36: =Villahermosa!H1 -> 5 | F36: =Villahermosa!H2 -> 16 | G36: =Villahermosa!L4 -> 8 | H36: =Villahermosa!L3 -> 75 | I36: =Villahermosa!F4 -> 8 | J36: =Villahermosa!F5 -> 75 | K36: =Villahermosa!H3 -> 5 | L36: 2 | M36: =K36+L36 -> 7 | N36: =Villahermosa!H4 -> 53 | O36: 23 | P36: 14 | Q36: =IFERROR(M36/(I36+L36), "-") -> 0.7 | R36: =IFERROR(M36/(G36+L36), "-") -> 0.7
B37: Sur | C37: =SUM(C32:C36) -> 257 | D37: =SUM(D32:D36) -> 3015 | E37: =SUM(E32:E36) -> 27 | F37: =SUM(F32:F36) -> 265 | G37: =SUM(G32:G36) -> 139 | H37: =SUM(H32:H36) -> 1801 | I37: =SUM(I32:I36) -> 139 | J37: =SUM(J32:J36) -> 1801 | ... L37: =SUM(L32:L36) -> 28 | M37: =K37+L37 -> 97 | N37: =SUM(N32:N36) -> 585 | O37: =SUM(O32:O36) -> 104 | P37: =SUM(P32:P36) -> 120 | Q37: =IFERROR(M37/(I37+L37), "-") -> 0.58083832 | R37: =IFERROR(M37/(G37+L37), "-") -> 0.58083832
I40: Periodo
C41: PICADE Autorizado | E41: Vencidos antes de PICADE | G41: PICADE Ajustado con LN | I41: 19 de abril al | L41: =CONCATENATE(TEXT(T3, "dd"), " de ", TEXT(T3, "mmmm")," de ",TEXT(T3,"aaaa")) -> 31 de diciembre de 2021
B42: Subdirección | C42: Cursos | D42: Capacitandos | E42: Cursos | F42: Capacitandos | G42: Cursos | H42: Capacitandos | I42: Programados | J42: Capacitandos | K42: Realizados en prog. | L42: Adicionales | M42: Realizados | N42: Capacitandos | O42: Capacitandos Adicionales | P42: Cancelados | Q42: Cumplimiento en el periodo (%) | R42: Avance del PICADE ajustado (%)
B43: SPRN | C43: =COUNTIF(Reynosa!$E$8:$E$63,"Subdirección de Producción Región Norte")+COUNTIF(Altamira!$E$8:$E$47,"Subdirección de Producción Región Norte")+COUNTIF('Naranjos-Cerro A'!$E$8:$E$36,"Subdirección de Producción Región Norte")+COUNTIF('Poza Rica'!$E$8:$E$71,"Subdirección de Producción Región Norte")+COUNTIF(Veracruz!$E$8:$E$47,"Subdirección de Producción Región Norte") -> 104 | D43: =SUMIF(Reynosa!$E$8:$E$63,"Subdirección de Producción Región Norte",Reynosa!$M$8:$M$63)+SUMIF(Altamira!$E$8:$E$47,"Subdirección de Producción Región Norte",Altamira!$M$8:$M$47)+SUMIF('Naranjos-Cerro A'!$E$8:$E$36,"Subdirección de Producción Región Norte",'Naranjos-Cerro A'!$M$8:$M$36)+SUMIF('Poza Rica'!$E$8:$E$71,"Subdirección de Producción Región Norte",'Poza Rica'!$M$8:$M$71)+SUMIF(Veracruz!$E$8:$E$47,"Subdirección de Producción Región Norte",Veracruz!$M$8:$M$47) -> 956 | E43: =COUNTIF(Altamira!$E$8:$E$12,"Subdirección de Producción Región Norte")+COUNTIF('Naranjos-Cerro A'!$E$8:$E$12,"Subdirección de Producción Región Norte")+COUNTIF('Poza Rica'!$E$8:$E$25,"Subdirección de Producción Región Norte")+COUNTIF(Veracruz!$E$5:$E$10,"Subdirección de Producción Región Norte") -> 15 | F43: =SUMIF(Altamira!$E$8:$E$12,"Subdirección de Producción Región Norte",Altamira!$M$8:$M$12)+SUMIF('Naranjos-Cerro A'!$E$8:$E$12,"Subdirección de Producción Región Norte",'Naranjos-Cerro A'!$M$8:$M$12)+SUMIF('Poza Rica'!$E$8:$E$25,"Subdirección de Producción Región Norte",'Poza Rica'!$M$8:$M$25)+SUMIF(Veracruz!$E$5:$E$10,"Subdirección de Producción Región Norte",Veracruz!$M$5:$M$10) -> 133 | G43: =COUNTIF(Reynosa!$E$8:$E$63,"Subdirección de Producción Región Norte")+COUNTIF(Altamira!$E$13:$E$47,"Subdirección de Producción Región Norte")+COUNTIF('Naranjos-Cerro A'!$E$13:$E$36,"Subdirección de Producción Región Norte")+COUNTIF('Poza Rica'!$E$26:$E$71,"Subdirección de Producción Región Norte")+COUNTIF(Veracruz!$E$11:$E$47,"Subdirección de Producción Región Norte") -> 89 | H43: =SUMIF(Reynosa!$E$8:$E$63,"Subdirección de Producción Región Norte",Reynosa!$M$8:$M$63)+SUMIF(Altamira!$E$13:$E$47,"Subdirección de Producción Región Norte",Altamira!$M$13:$M$47)+SUMIF('Naranjos-Cerro A'!$E$14:$E$36,"Subdirección de Producción Región Norte",'Naranjos-Cerro A'!$M$14:$M$36)+SUMIF('Poza Rica'!$E$26:$E$71,"Subdirección de Producción Región Norte",'Poza Rica'!$M$26:$M$71)+SUMIF(Veracruz!$E$11:$E$47,"Subdirección de Producción Región Norte",Veracruz!$M$11:$M$47) -> 823 | I43: =COUNTIFS(Reynosa!$E$8:$E$63,"Subdirección de Producción Región Norte",Reynosa!$Q$8:$Q$63,"1")+COUNTIFS(Altamira!$E$13:$E$47,"Subdirección de Producción Región Norte",Altamira!$Q$13:$Q$47,"1")+COUNTIFS('Naranjos-Cerro A'!$E$13:$E$36,"Subdirección de Producción Región Norte",'Naranjos-Cerro A'!$Q$13:$Q$36,"1")+COUNTIFS('Poza Rica'!$E$26:$E$71,"Subdirección de Producción Región Norte",'Poza Rica'!$Q$26:$Q$71,"1")+COUNTIFS(Veracruz!$E$11:$E$47,"Subdirección de Producción Región Norte",Veracruz!$Q$11:$Q$47,"1") -> 89 | J43: =SUMIFS(Reynosa!$M$8:$M$63,Reynosa!$E$8:$E$63,"Subdirección de Producción Región Norte",Reynosa!$Q$8:$Q$63,"1")+SUMIFS(Altamira!$M$13:$M$47,Altamira!$E$13:$E$47,"Subdirección de Producción Región Norte",Altamira!$Q$13:$Q$47,"1")+SUMIFS('Naranjos-Cerro A'!$M$14:$M$36,'Naranjos-Cerro A'!$E$14:$E36,"Subdirección de Producción Región Norte",'Naranjos-Cerro A'!$Q$14:$Q$36,"1")+SUMIFS('Poza Rica'!$M$26:$M$71,'Poza Rica'!$E$26:$E$71,"Subdirección de Producción Región Norte",'Poza Rica'!$Q$26:$Q$71,"1")+SUMIFS(Veracruz!$M$11:$M$47,Veracruz!$E$11:$E$47,"Subdirección de Producción Región Norte",Veracruz!$Q$11:$Q$47,"1") -> 823 | K43: =COUNTIFS(Reynosa!$E$8:$E$63,"Subdirección de Producción Región Norte",Reynosa!$Q$8:$Q$63,"1",Reynosa!$R$8:$R$63,"Realizado")+COUNTIFS(Altamira!$E$13:$E$47,"Subdirección de Producción Región Norte",Altamira!$Q$13:$Q$47,"1",Altamira!$R$13:$R$47,"Realizado")+COUNTIFS('Naranjos-Cerro A'!$E$13:$E$36,"Subdirección de Producción Región Norte",'Naranjos-Cerro A'!$Q$13:$Q$36,"1",'Naranjos-Cerro A'!$R$13:$R$36,"Realizado")+COUNTIFS('Poza Rica'!$E$26:$E$71,"Subdirección de Producción Región Norte",'Poza Rica'!$Q$26:$Q$71,"1",'Poza Rica'!$R$26:$R$71,"Realizado")+COUNTIFS(Veracruz!$E$11:$E$47,"Subdirección de Producción Región Norte",Veracruz!$Q$11:$Q$47,"1",Veracruz!$R$11:$R$47,"Realizado") -> 77 | L43: =COUNTIF(Adicionales!$E$9:$E$88,"Subdirección de Producción Región Norte") -> 1 | M43: =K43+L43 -> 78 | N43: =SUMIFS(Reynosa!$S$8:$S$63,Reynosa!$E$8:$E$63,"Subdirección de Producción Región Norte",Reynosa!$Q$8:$Q$63,"1",Reynosa!$R$8:$R$63,"Realizado")+SUMIFS(Altamira!$S$13:$S$47,Altamira!$E$13:$E$47,"Subdirección de Producción Región Norte",Altamira!$Q$13:$Q$47,"1",Altamira!$R$13:$R$47,"Realizado")+SUMIFS('Naranjos-Cerro A'!$S$13:$S$36,'Naranjos-Cerro A'!$E$13:$E36,"Subdirección de Producción Región Norte",'Naranjos-Cerro A'!$Q$13:$Q$36,"1",'Naranjos-Cerro A'!$R$13:$R$36,"Realizado")+SUMIFS('Poza Rica'!$S$26:$S$71,'Poza Rica'!$E$26:$E$71,"Subdirección de Producción Región Norte",'Poza Rica'!$Q$26:$Q$71,"1",'Poza Rica'!$R$26:$R$71,"Realizado")+SUMIFS(Veracruz!$S$11:$S$47,Veracruz!$E$11:$E$47,"Subdirección de Producción Región Norte",Veracruz!$Q$11:$Q$47,"1",Veracruz!$R$11:$R$47,"Realizado") -> 579 | O43: =SUMIF(Adicionales!$E$9:$E$86,"Subdirección de Producción Región Norte",Adicionales!$M$9:$M$86) -> 17 | P43: =COUNTIFS(Reynosa!$E$8:$E$63,"Subdirección de Producción Región Norte",Reynosa!$Q$8:$Q$63,"1",Reynosa!$R$8:$R$63,"cancelado")+COUNTIFS(Altamira!$E$13:$E$47,"Subdirección de Producción Región Norte",Altamira!$Q$13:$Q$47,"1",Altamira!$R$13:$R$47,"Cancelado")+COUNTIFS('Naranjos-Cerro A'!$E$14:$E$36,"Subdirección de Producción Región Norte",'Naranjos-Cerro A'!$Q$14:$Q$36,"1",'Naranjos-Cerro A'!$R$14:$R$36,"Cancelado")+COUNTIFS('Poza Rica'!$E$26:$E$71,"Subdirección de Producción Región Norte",'Poza Rica'!$Q$26:$Q$71,"1",'Poza Rica'!$R$26:$R$71,"Cancelado")+COUNTIFS(Veracruz!$E$11:$E$47,"Subdirección de Producción Región Norte",Veracruz!$Q$11:$Q$47,"1",Veracruz!$R$11:$R$47,"Cancelado") -> 12 | Q43: =IFERROR(M43/(I43+L43), "-") -> 0.86666667 | R43: =IFERROR(M43/(G43+L43), "-") -> 0.86666667
B44: SPRMSO | C44: =COUNTIF('Dos Bocas'!$F$8:$F$195,"Subdirección de Producción Región Marina Suroeste") -> 17 | D44: =SUMIF('Dos Bocas'!$F$8:$F$195,"Subdirección de Producción Región Marina Suroeste",'Dos Bocas'!$N$8:$N$195) -> 198 | E44: =COUNTIF('Dos Bocas'!$F$8:$F$10,"Subdirección de Producción Región Marina Suroeste") -> 2 | F44: =SUMIF('Dos Bocas'!$F$8:$F$10,"Subdirección de Producción Región Marina Suroeste",'Dos Bocas'!$Q$8:$Q$10) -> 19 | G44: =COUNTIF('Dos Bocas'!$F$108:$F$195,"Subdirección de Producción Región Marina Suroeste") -> 14 | H44: =SUMIF('Dos Bocas'!$F$108:$F$195,"Subdirección de Producción Región Marina Suroeste",'Dos Bocas'!$Q$108:$Q$195) -> 170 | I44: =COUNTIFS('Dos Bocas'!$F$108:$F$195,"Subdirección de Producción Región Marina Suroeste",'Dos Bocas'!$U$108:$U$195,"1") -> 14 | J44: =SUMIFS('Dos Bocas'!$Q$108:$Q$195,'Dos Bocas'!$F$108:$F$195,"Subdirección de Producción Región Marina Suroeste",'Dos Bocas'!$U$108:$U$195,"1") -> 170 | K44: =COUNTIFS('Dos Bocas'!$F$94:$F$195,"Subdirección de Producción Región Marina Suroeste",'Dos Bocas'!$U$94:$U$195,"1",'Dos Bocas'!$V$94:$V$195,"Realizado") -> 13 | L44: =COUNTIF(Adicionales!$E$9:$E$86,"Subdirección de Producción Región Marina Suroeste") -> 14 | M44: =K44+L44 -> 27 | N44: =SUMIFS('Dos Bocas'!$W$94:$W$195,'Dos Bocas'!$F$94:$F$195,"Subdirección de Producción Región Marina Suroeste",'Dos Bocas'!$U$94:$U$195,"1",'Dos Bocas'!$V$94:$V$195,"Realizado") -> 157 | O44: =SUMIF(Adicionales!$E$9:$E$86,"Subdirección de Producción Región Marina Suroeste",Adicionales!$M$9:$M$86) -> 187 | P44: =COUNTIFS('Dos Bocas'!$F$108:$F$195,"Subdirección de Producción Región Marina Suroeste",'Dos Bocas'!$U$108:$U$195,"1",'Dos Bocas'!$V$108:$V$195,"Cancelado") -> 2 | Q44: =IFERROR(M44/(I44+L44), "-") -> 0.96428571 | R44: =IFERROR(M44/(G44+L44), "-") -> 0.96428571
B45: SPRMNE | C45: =COUNTIF('Cd. Carmen'!$E$8:$E$190,"Subdirección de Producción Región Marina Noreste") -> 65 | D45: =SUMIF('Cd. Carmen'!$E$8:$E$190,"Subdirección de Producción Región Marina Noreste",'Cd. Carmen'!$M$8:$M$190) -> 1046 | E45: =COUNTIF('Cd. Carmen'!$E$8:$E$26,"Subdirección de Producción Región Marina Noreste") -> 0 | F45: =SUMIF('Cd. Carmen'!$E$8:$E$27,"Subdirección de Producción Región Marina Noreste",'Cd. Carmen'!$M$8:$M$27) -> 0 | G45: =COUNTIF('Cd. Carmen'!$E$27:$E$190,"Subdirección de Producción Región Marina Noreste") -> 65 | H45: =SUMIF('Cd. Carmen'!$E$27:$E$190,"Subdirección de Producción Región Marina Noreste",'Cd. Carmen'!$M$27:$M$190) -> 1046 | I45: =COUNTIFS('Cd. Carmen'!$E$27:$E$190,"Subdirección de Producción Región Marina Noreste",'Cd. Carmen'!$Q$27:$Q$190,"1") -> 65 | J45: =SUMIFS('Cd. Carmen'!$M$27:$M$190,'Cd. Carmen'!$E$27:$E$190,"Subdirección de Producción Región Marina Noreste",'Cd. Carmen'!$Q$27:$Q$190,"1") -> 1046 | K45: =COUNTIFS('Cd. Carmen'!$E$25:$E$190,"Subdirección de Producción Región Marina Noreste",'Cd. Carmen'!$Q$25:$Q$190,"1",'Cd. Carmen'!$R$25:$R$190,"Realizado") -> 20 | L45: =COUNTIF(Adicionales!$E$9:$E$86,"Subdirección de Producción Región Marina Noreste") -> 3 | M45: =K45+L45 -> 23 | N45: =SUMIFS('Cd. Carmen'!$S$25:$S$190,'Cd. Carmen'!$E$25:$E$190,"Subdirección de Producción Región Marina Noreste",'Cd. Carmen'!$Q$25:$Q$190,"1",'Cd. Carmen'!$R$25:$R$190,"Realizado") -> 212 | O45: =SUMIF(Adicionales!$E$9:$E$86,"Subdirección de Producción Región Marina Noreste",Adicionales!$M$9:$M$86) -> 40 | P45: =COUNTIFS('Cd. Carmen'!$E$25:$E$190,"Subdirección de Producción Región Marina Noreste",'Cd. Carmen'!$Q$25:$Q$190,"1",'Cd. Carmen'!$R$25:$R$190,"Cancelado") -> 45 | Q45: =IFERROR(M45/(I45+L45), "-") -> 0.33823529 | R45: =IFERROR(M45/(G45+L45), "-") -> 0.33823529
B46: SCOC | C46: =COUNTIF('Dos Bocas'!$F$8:$F$195,"Subdirección de Coordinación Operativa y Comercial")+COUNTIF('Cd. Carmen'!$E$8:$E$190,"Subdirección de Coordinación Operativa y Comercial")+COUNTIF('Cd. Méx'!$E$8:$E$11,"Subdirección de Coordinación Operativa y Comercial") -> 173 | D46: =SUMIF('Dos Bocas'!$F$8:$F$195,"Subdirección de Coordinación Operativa y Comercial",'Dos Bocas'!$N$8:$N$195)+SUMIF('Cd. Carmen'!$E$8:$E$190,"Subdirección de Coordinación Operativa y Comercial",'Cd. Carmen'!$M$8:$M$190)+SUMIF('Cd. Méx'!$E$8:$E$11,"Subdirección de Coordinación Operativa y Comercial",'Cd. Méx'!$M$8:$M$11) -> 776 | E46: =COUNTIF('Cd. Carmen'!$E$8:$E$26,"Subdirección de Coordinación Operativa y Comercial")+COUNTIF('Dos Bocas'!$F$8:$F$10,"Subdirección de Coordinación Operativa y Comercial") -> 0 | F46: =SUMIF('Cd. Carmen'!$E$8:$E$27,"Subdirección de Coordinación Operativa y Comercial",'Cd. Carmen'!$M$8:$M$27)+SUMIF('Dos Bocas'!$F$8:$F$10,"Subdirección de Coordinación Operativa y Comercial",'Dos Bocas'!$Q$8:$Q$10) -> 0 | G46: =COUNTIF('Dos Bocas'!$F$108:$F$195,"Subdirección de Coordinación Operativa y Comercial")+COUNTIF('Cd. Carmen'!$E$27:$E$190,"Subdirección de Coordinación Operativa y Comercial") -> 76 | H46: =SUMIF('Cd. Carmen'!$E$27:$E$190,"Subdirección de Coordinación Operativa y Comercial",'Cd. Carmen'!$M$27:$M$190)+SUMIF('Dos Bocas'!$F$108:$F$195,"Subdirección de Coordinación Operativa y Comercial",'Dos Bocas'!$Q$108:$Q$195) -> 677 | I46: =COUNTIFS('Cd. Carmen'!$E$27:$E$190,"Subdirección de Coordinación Operativa y Comercial",'Cd. Carmen'!$Q$27:$Q$190,"1")+COUNTIFS('Dos Bocas'!$F$108:$F$195,"Subdirección de Coordinación Operativa y Comercial",'Dos Bocas'!$U$108:$U$195,"1") -> 76 | J46: =SUMIFS('Dos Bocas'!$Q$108:$Q$195,'Dos Bocas'!$F$108:$F$195,"Subdirección de Coordinación Operativa y Comercial",'Dos Bocas'!$U$108:$U$195,"1")+SUMIFS('Cd. Carmen'!$M$27:$M$190,'Cd. Carmen'!$E$27:$E$190,"Subdirección de Coordinación Operativa y Comercial",'Cd. Carmen'!$Q$27:$Q$190,"1") -> 677 | K46: =COUNTIFS('Cd. Carmen'!$E$25:$E$190,"Subdirección de Coordinación Operativa y Comercial",'Cd. Carmen'!$Q$25:$Q$190,"1",'Cd. Carmen'!$R$25:$R$190,"Realizado")+COUNTIFS('Dos Bocas'!$F$94:$F$195,"Subdirección de Coordinación Operativa y Comercial",'Dos Bocas'!$U$94:$U$195,"1",'Dos Bocas'!$V$94:$V$195,"Realizado") -> 63 | L46: =COUNTIF(Adicionales!$E$9:$E$86,"Subdirección de Coordinación Operativa y Comercial") -> 2 | M46: =K46+L46 -> 65 | N46: =SUMIFS('Cd. Carmen'!$S$25:$S$190,'Cd. Carmen'!$E$25:$E$190,"Subdirección de Coordinación Operativa y Comercial",'Cd. Carmen'!$Q$25:$Q$190,"1",'Cd. Carmen'!$S$25:$S$190,"Realizado")+SUMIFS('Dos Bocas'!$W$94:$W$195,'Dos Bocas'!$F$94:$F$195,"Subdirección de Coordinación Operativa y Comercial",'Dos Bocas'!$U$94:$U$195,"1",'Dos Bocas'!$V$94:$V$195,"Realizado") -> 438 | O46: =SUMIF(Adicionales!$E$9:$E$86,"Subdirección de Coordinación Operativa y Comercial",Adicionales!$M$9:$M$86) -> 15 | P46: =COUNTIFS('Cd. Carmen'!$E$25:$E$190,"Subdirección de Coordinación Operativa y Comercial",'Cd. Carmen'!$Q$25:$Q$190,"1",'Cd. Carmen'!$R$25:$R$190,"Cancelado")+COUNTIFS('Dos Bocas'!$F$108:$F$195,"Subdirección de Coordinación Operativa y Comercial",'Dos Bocas'!$V$108:$V$195,"Cancelado") -> 13 | Q46: =IFERROR(M46/(I46+L46), "-") -> 0.83333333 | R46: =IFERROR(M46/(G46+L46), "-") -> 0.83333333
B47: SPRS | C47: =COUNTIF('Cinco Presidentes'!$E$8:$E$116,"Subdirección de Producción Región Sur")+COUNTIF('Bellota Jujo'!$E$8:$E$48,"Subdirección de Producción Región Sur")+COUNTIF(Macuspana!$E$8:$E$67,"Subdirección de Producción Región Sur")+COUNTIF('Samaria Luna'!$E$8:$E$37,"Subdirección de Producción Región Sur")+COUNTIF(Villahermosa!$E$8:$E$29,"Subdirección de Producción Región Sur") -> 230 | D47: =SUMIF('Cinco Presidentes'!$E$8:$E$116,"Subdirección de Producción Región Sur",'Cinco Presidentes'!$M$8:$M$116)+SUMIF('Bellota Jujo'!$E$8:$E$48,"Subdirección de Producción Región Sur",'Bellota Jujo'!$M$8:$M$48)+SUMIF(Macuspana!$E$8:$E$67,"Subdirección de Producción Región Sur",Macuspana!$M$8:$M$67)+SUMIF('Samaria Luna'!$E$8:$E$37,"Subdirección de Producción Región Sur",'Samaria Luna'!$M$8:$M$37)+SUMIF(Villahermosa!$E$8:$E$29,"Subdirección de Producción Región Sur",Villahermosa!$M$8:$M$29) -> 2814 | E47: =COUNTIF('Cinco Presidentes'!$E$8:$E$11,"Subdirección de Producción Región Sur")+COUNTIF('Bellota Jujo'!$E$8:$E$10,"Subdirección de Producción Región Sur")+COUNTIF(Macuspana!$E$8:$E$15,"Subdirección de Producción Región Sur")+COUNTIF('Samaria Luna'!$E$8:E14,"Subdirección de Producción Región Sur")+COUNTIF(Villahermosa!$E$8:$E$12,"Subdirección de Producción Región Sur") -> 25 | F47: =SUMIF('Cinco Presidentes'!$E$8:$E$11,"Subdirección de Producción Región Sur",'Cinco Presidentes'!$M$8:$M$11)+SUMIF('Bellota Jujo'!$E$8:$E$10,"Subdirección de Producción Región Sur",'Bellota Jujo'!$M$8:$M$10)+SUMIF(Macuspana!$E$8:$E$15,"Subdirección de Producción Región Sur",Macuspana!$M$8:$M$15)+SUMIF('Samaria Luna'!$E$8:$E$14,"Subdirección de Producción Región Sur",'Samaria Luna'!$M$8:$M$14)+SUMIF(Villahermosa!$E$8:$E$12,"Subdirección de Producción Región Sur",Villahermosa!$M$8:$M$12) -> 258 | G47: =COUNTIF('Cinco Presidentes'!$E$51:$E$116,"Subdirección de Producción Región Sur")+COUNTIF('Bellota Jujo'!$E$21:$E$48,"Subdirección de Producción Región Sur")+COUNTIF(Macuspana!$E$47:$E$67,"Subdirección de Producción Región Sur")+COUNTIF('Samaria Luna'!$E$17:$E$37,"Subdirección de Producción Región Sur")+COUNTIF(Villahermosa!$E$22:$E$29,"Subdirección de Producción Región Sur") -> 123 | H47: =SUMIF('Cinco Presidentes'!$E$51:$E$116,"Subdirección de Producción Región Sur",'Cinco Presidentes'!$M$51:$M$116)+SUMIF('Bellota Jujo'!$E$21:$E$48,"Subdirección de Producción Región Sur",'Bellota Jujo'!$M$21:$M$48)+SUMIF(Macuspana!$E$47:$E$67,"Subdirección de Producción Región Sur",Macuspana!$M$47:$M$67)+SUMIF('Samaria Luna'!$E$17:$E$37,"Subdirección de Producción Región Sur",'Samaria Luna'!$M$17:$M$37)+SUMIF(Villahermosa!$E$22:$E$29,"Subdirección de Producción Región Sur",Villahermosa!$M$22:$M$29) -> 1649 | I47: =COUNTIFS('Cinco Presidentes'!$E$51:$E$116,"Subdirección de Producción Región Sur",'Cinco Presidentes'!$Q$51:$Q$116,"1")+COUNTIFS('Bellota Jujo'!$E$21:$E$48,"Subdirección de Producción Región Sur",'Bellota Jujo'!$Q$21:$Q$48,"1")+COUNTIFS(Macuspana!$E$47:$E$67,"Subdirección de Producción Región Sur",Macuspana!$Q$47:$Q$67,"1")+COUNTIFS('Samaria Luna'!$E$17:$E$37,"Subdirección de Producción Región Sur",'Samaria Luna'!$Q$17:$Q$37,"1")+COUNTIFS(Villahermosa!$E$22:$E$29,"Subdirección de Producción Región Sur",Villahermosa!$Q$22:$Q$29,"1") -> 123 | J47: =SUMIFS('Cinco Presidentes'!$M$51:$M$116,'Cinco Presidentes'!$E$51:$E$116,"Subdirección de Producción Región Sur",'Cinco Presidentes'!$Q$51:$Q$116,"1")+SUMIFS('Bellota Jujo'!$M$21:$M$48,'Bellota Jujo'!$E$21:$E$48,"Subdirección de Producción Región Sur",'Bellota Jujo'!$Q$21:$Q$48,"1")+SUMIFS(Macuspana!$M$47:$M$67,Macuspana!$E$47:$E$67,"Subdirección de Producción Región Sur",Macuspana!$Q$47:$Q$67,"1")+SUMIFS('Samaria Luna'!$M$17:$M$37,'Samaria Luna'!$E$17:$E$37,"Subdirección de Producción Región Sur",'Samaria Luna'!$Q$17:$Q$37,"1")+SUMIFS(Villahermosa!$M$22:$M$29,Villahermosa!$E$22:$E$29,"Subdirección de Producción Región Sur",Villahermosa!$Q$22:$Q$29,"1") -> 1649 | K47: =COUNTIFS('Cinco Presidentes'!$E$10:$E$116,"Subdirección de Producción Región Sur",'Cinco Presidentes'!$Q$10:$Q$116,"1",'Cinco Presidentes'!$R$10:$R$116,"Realizado")+COUNTIFS('Bellota Jujo'!$E$21:$E$48,"Subdirección de Producción Región Sur",'Bellota Jujo'!$Q$21:$Q$48,"1",'Bellota Jujo'!$R$21:$R$48,"Realizado")+COUNTIFS(Macuspana!$E$37:$E$62,"Subdirección de Producción Región Sur",Macuspana!$Q$37:$Q$62,"1",Macuspana!$R$37:$R$62,"Realizado")+COUNTIFS('Samaria Luna'!$E$17:$E$37,"Subdirección de Producción Región Sur",'Samaria Luna'!$Q$17:$Q$37,"1",'Samaria Luna'!$R$17:$R$37,"Realizado")+COUNTIFS(Villahermosa!$E$22:$E$29,"Subdirección de Producción Región Sur",Villahermosa!$Q$22:$Q$29,"1",Villahermosa!$R$22:$R$29,"Realizdo")+1 -> 62 | L47: =COUNTIF(Adicionales!$E$9:$E$88,"Subdirección de Producción Región Sur") -> 8 | M47: =K47+L47 -> 70 | N47: =SUMIFS('Cinco Presidentes'!$S$10:$S$116,'Cinco Presidentes'!$E$10:$E$116,"Subdirección de Producción Región Sur",'Cinco Presidentes'!$Q$10:$Q$116,"1",'Cinco Presidentes'!$R$10:$R$116,"Realizado")+SUMIFS('Bellota Jujo'!$S$21:$S$48,'Bellota Jujo'!$E$21:$E$48,"Subdirección de Producción Región Sur",'Bellota Jujo'!$Q$21:$Q$48,"1",'Bellota Jujo'!$R$21:$R$48,"Realizado")+SUMIFS(Macuspana!$S$37:$S$67,Macuspana!$E$37:$E$67,"Subdirección de Producción Región Sur",Macuspana!$Q$37:$Q$67,"1",Macuspana!$R$37:$R$67,"Realizado")+SUMIFS('Samaria Luna'!$S$17:$S$37,'Samaria Luna'!$E$17:$E$37,"Subdirección de Producción Región Sur",'Samaria Luna'!$Q$17:$Q$37,"1",'Samaria Luna'!$R$17:$R$37,"Realizado")+SUMIFS(Villahermosa!$S$22:$S$29,Villahermosa!$E$22:$E$29,"Subdirección de Producción Región Sur",Villahermosa!$Q$22:$Q$29,"1",Villahermosa!$R$22:$R$29,"Realizado") -> 514 | O47: =SUMIF(Adicionales!$E$9:$E$86,"Subdirección de Producción Región Sur",Adicionales!$M$9:$M$86) -> 69 | P47: =COUNTIFS('Cinco Presidentes'!$E$51:$E$116,"Subdirección de Producción Región Sur",'Cinco Presidentes'!$Q$51:$Q$116,"1",'Cinco Presidentes'!$R$51:$R$116,"Cancelado")+COUNTIFS('Bellota Jujo'!$E$21:$E$48,"Subdirección de Producción Región Sur",'Bellota Jujo'!$Q$21:$Q$48,"1",'Bellota Jujo'!$R$21:$R$48,"Cancelado")+COUNTIFS(Macuspana!$E$47:$E$67,"Subdirección de Producción Región Sur",Macuspana!$Q$47:$Q$67,"1",Macuspana!$R$47:$R$67,"Cancelado")+COUNTIFS('Samaria Luna'!$E$17:$E$37,"Subdirección de Producción Región Sur",'Samaria Luna'!$Q$17:$Q$37,"1",'Samaria Luna'!$R$17:$R$37,"Cancelado")+COUNTIFS(Villahermosa!$E$22:$E$29,"Subdirección de Producción Región Sur",Villahermosa!$Q$22:$Q$29,"1",Villahermosa!$R$22:$R$29,"Cancelado") -> 76 | Q47: =IFERROR(M47/(I47+L47), "-") -> 0.53435115 | R47: =IFERROR(M47/(G47+L47), "-") -> 0.53435115
B48: SASEP | C48: =COUNTIF(Reynosa!$E$8:$E$63,"Subdirección de Administración de Servicios para Exploración y Producción")+COUNTIF(Altamira!$E$8:$E$47,"Subdirección de Administración de Servicios para Exploración y Producción")+COUNTIF('Naranjos-Cerro A'!$E$8:$E$36,"Subdirección de Administración de Servicios para Exploración y Producción")+COUNTIF('Poza Rica'!$E$8:$E$71,"Subdirección de Administración de Servicios para Exploración y Producción")+COUNTIF(Veracruz!$E$8:$E$47,"Subdirección de Administración de Servicios para Exploración y Producción")+COUNTIF('Dos Bocas'!$F$8:$F$195,"Subdirección de Administración de Servicios para Exploración y Producción")+COUNTIF('Cd. Carmen'!$E$8:$E$190,"Subdirección de Administración de Servicios para Exploración y Producción")+COUNTIF('Cinco Presidentes'!$E$8:$E$116,"Subdirección de Administración de Servicios para Exploración y Producción")+COUNTIF('Bellota Jujo'!$E$8:$E$48,"Subdirección de Administración de Servicios para Exploración y Producción")+COUNTIF(Macuspana!$E$8:$E$67,"Subdirección de Administración de Servicios para Exploración y Producción")+COUNTIF('Samaria Luna'!$E$8:$E$37,"Subdirección de Administración de Servicios para Exploración y Producción")+COUNTIF(Villahermosa!$E$8:$E$29,"Subdirección de Administración de Servicios para Exploración y Producción") -> 65 | D48: =SUMIF(Reynosa!$E$8:$E$63,"Subdirección de Administración de Servicios para Exploración y Producción",Reynosa!$M$8:$M$63)+SUMIF(Altamira!$E$8:$E$47,"Subdirección de Administración de Servicios para Exploración y Producción",Altamira!$M$8:$M$47)+SUMIF('Naranjos-Cerro A'!$E$8:$E$36,"Subdirección de Administración de Servicios para Exploración y Producción",'Naranjos-Cerro A'!$M$8:$M$36)+SUMIF('Poza Rica'!$E$8:$E$71,"Subdirección de Administración de Servicios para Exploración y Producción",'Poza Rica'!$M$8:$M$71)+SUMIF(Veracruz!$E$8:$E$47,"Subdirección de Administración de Servicios para Exploración y Producción",Veracruz!$M$8:$M$47)+SUMIF('Dos Bocas'!$F$8:$F$195,"Subdirección de Administración de Servicios para Exploración y Producción",'Dos Bocas'!$N$8:$N$195)+SUMIF('Cd. Carmen'!$E$8:$E$190,"Subdirección de Administración de Servicios para Exploración y Producción",'Cd. Carmen'!$M$8:$M$190)+SUMIF('Cinco Presidentes'!$E$8:$E$116,"Subdirección de Administración de Servicios para Exploración y Producción",'Cinco Presidentes'!$M$8:$M$116)+SUMIF('Bellota Jujo'!$E$8:$E$48,"Subdirección de Administración de Servicios para Exploración y Producción",'Bellota Jujo'!$M$8:$M$48)+SUMIF(Macuspana!$E$8:$E$67,"Subdirección de Administración de Servicios para Exploración y Producción",Macuspana!$M$8:$M$67)+SUMIF('Samaria Luna'!$E$8:$E$37,"Subdirección de Administración de Servicios para Exploración y Producción",'Samaria Luna'!$M$8:$M$37)+SUMIF(Villahermosa!$E$8:$E$29,"Subdirección de Administración de Servicios para Exploración y Producción",Villahermosa!$M$8:$M$29) -> 601 | E48: =COUNTIF(Altamira!$E$8:$E$12,"Subdirección de Administración de Servicios para Exploración y Producción")+COUNTIF('Naranjos-Cerro A'!$E$8:$E$12,"Subdirección de Administración de Servicios para Exploración y Producción")+COUNTIF('Poza Rica'!$E$8:$E$25,"Subdirección de Administración de Servicios para Exploración y Producción")+COUNTIF(Veracruz!$E$5:$E$10,"Subdirección de Administración de Servicios para Exploración y Producción")+COUNTIF('Dos Bocas'!$F$8:$F$10,"Subdirección de Administración de Servicios para Exploración y Producción")+COUNTIF('Cd. Carmen'!$E$8:$E$26,"Subdirección de Administración de Servicios para Exploración y Producción")+COUNTIF('Cinco Presidentes'!$E$8:$E$11,"Subdirección de Administración de Servicios para Exploración y Producción")+COUNTIF('Bellota Jujo'!$E$8:$E$10,"Subdirección de Administración de Servicios para Exploración y Producción")+COUNTIF(Macuspana!$E$8:$E$15,"Subdirección de Administración de Servicios para Exploración y Producción")+COUNTIF('Samaria Luna'!$E$8:$E$14,"Subdirección de Administración de Servicios para Exploración y Producción")+COUNTIF(Villahermosa!$E$8:$E$12,"Subdirección de Administración de Servicios para Exploración y Producción")+COUNTIF('Cd. Méx'!$E$8:$E$11,"Subdirección de Administración de Servicios para Exploración y Producción") -> 17 | F48: =SUMIF(Altamira!$E$8:$E$12,"Subdirección de Administración de Servicios para Exploración y Producción",Altamira!$M$8:$M$12)+SUMIF('Naranjos-Cerro A'!$E$8:$E$12,"Subdirección de Administración de Servicios para Exploración y Producción",'Naranjos-Cerro A'!$M$8:$M$12)+SUMIF('Poza Rica'!$E$8:$E$25,"Subdirección de Administración de Servicios para Exploración y Producción",'Poza Rica'!$M$8:$M$25)+SUMIF(Veracruz!$E$5:$E$8,"Subdirección de Administración de Servicios para Exploración y Producción",Veracruz!$M$5:$M$8)+SUMIF('Dos Bocas'!$F$8:$F$10,"Subdirección de Administración de Servicios para Exploración y Producción",'Dos Bocas'!$Q$8:$Q$10)+SUMIF('Cd. Carmen'!$E$8:$E$26,"Subdirección de Administración de Servicios para Exploración y Producción",'Cd. Carmen'!$M$8:$M$26)+SUMIF('Cinco Presidentes'!$E$8:$E$11,"Subdirección de Administración de Servicios para Exploración y Producción",'Cinco Presidentes'!$M$8:$M$11)+SUMIF('Bellota Jujo'!$E$8:$E$10,"Subdirección de Administración de Servicios para Exploración y Producción",'Bellota Jujo'!$M$8:$M$10)+SUMIF(Macuspana!$E$8:$E$15,"Subdirección de Administración de Servicios para Exploración y Producción",Macuspana!$M$8:$M$15)+SUMIF('Samaria Luna'!$E$8:$E$14,"Subdirección de Administración de Servicios para Exploración y Producción",'Samaria Luna'!$M$8:$M$14)+SUMIF(Villahermosa!$E$8:$E$12,"Subdirección de Administración de Servicios para Exploración y Producción",Villahermosa!$M$8:$M$12) -> 184 | G48: =COUNTIF(Reynosa!$E$8:$E$63,"Subdirección de Administración de Servicios para Exploración y Producción")+COUNTIF(Altamira!$E$13:$E$47,"Subdirección de Administración de Servicios para Exploración y Producción")+COUNTIF('Naranjos-Cerro A'!$E$13:$E$36,"Subdirección de Administración de Servicios para Exploración y Producción")+COUNTIF('Poza Rica'!$E$26:$E$71,"Subdirección de Administración de Servicios para Exploración y Producción")+COUNTIF(Veracruz!$E$11:$E$47,"Subdirección de Administración de Servicios para Exploración y Producción")+COUNTIF('Dos Bocas'!$F$108:$F$195,"Subdirección de Administración de Servicios para Exploración y Producción")+COUNTIF('Cd. Carmen'!$E$27:$E$190,"Subdirección de Administración de Servicios para Exploración y Producción")+COUNTIF('Cinco Presidentes'!$E$51:$E$116,"Subdirección de Administración de Servicios para Exploración y Producción")+COUNTIF('Bellota Jujo'!$E$21:$E$48,"Subdirección de Administración de Servicios para Exploración y Producción")+COUNTIF(Macuspana!$E$47:$E$67,"Subdirección de Administración de Servicios para Exploración y Producción")+COUNTIF('Samaria Luna'!$E$17:$E$37,"Subdirección de Administración de Servicios para Exploración y Producción")+COUNTIF(Villahermosa!$E$22:$E$29,"Subdirección de Administración de Servicios para Exploración y Producción") -> 43 | H48: =SUMIF(Reynosa!$E$8:$E$63,"Subdirección de Administración de Servicios para Exploración y Producción",Reynosa!$M$8:$M$63)+SUMIF(Altamira!$E$13:$E$47,"Subdirección de Administración de Servicios para Exploración y Producción",Altamira!$M$13:$M$47)+SUMIF('Naranjos-Cerro A'!$E$13:$E$36,"Subdirección de Administración de Servicios para Exploración y Producción",'Naranjos-Cerro A'!$M$13:$M$36)+SUMIF('Poza Rica'!$E$26:$E$71,"Subdirección de Administración de Servicios para Exploración y Producción",'Poza Rica'!$M$26:$M$71)+SUMIF(Veracruz!$E$11:$E$47,"Subdirección de Administración de Servicios para Exploración y Producción",Veracruz!$M$11:$M$47)+SUMIF('Dos Bocas'!$F$108:$F$195,"Subdirección de Administración de Servicios para Exploración y Producción",'Dos Bocas'!$Q$108:$Q$195)+SUMIF('Cd. Carmen'!$E$27:$E$190,"Subdirección de Administración de Servicios para Exploración y Producción",'Cd. Carmen'!$M$27:$M$190)+SUMIF('Cinco Presidentes'!$E$51:$E$116,"Subdirección de Administración de Servicios para Exploración y Producción",'Cinco Presidentes'!$M$51:$M$116)+SUMIF('Bellota Jujo'!$E$21:$E$48,"Subdirección de Administración de Servicios para Exploración y Producción",'Bellota Jujo'!$M$21:$M$48)+SUMIF(Macuspana!$E$47:$E$67,"Subdirección de Administración de Servicios para Exploración y Producción",Macuspana!$M$47:$M$67)+SUMIF('Samaria Luna'!$E$17:$E$37,"Subdirección de Administración de Servicios para Exploración y Producción",'Samaria Luna'!$M$17:$M$37)+SUMIF(Villahermosa!$E$22:$E$29,"Subdirección de Administración de Servicios para Exploración y Producción",Villahermosa!$M$22:$M$29) -> 393 | I48: =COUNTIFS(Reynosa!$E$8:$E$63,"Subdirección de Administración de Servicios para Exploración y Producción",Reynosa!$Q$8:$Q$63,"1")+COUNTIFS(Altamira!$E$13:$E$47,"Subdirección de Administración de Servicios para Exploración y Producción",Altamira!$Q$13:$Q$47,"1")+COUNTIFS('Naranjos-Cerro A'!$E$13:$E$36,"Subdirección de Administración de Servicios para Exploración y Producción",'Naranjos-Cerro A'!$Q$13:$Q$36,"1")+COUNTIFS('Poza Rica'!$E$26:$E$71,"Subdirección de Administración de Servicios para Exploración y Producción",'Poza Rica'!$Q$26:$Q$71,"1")+COUNTIFS(Veracruz!$E$11:$E$47,"Subdirección de Administración de Servicios para Exploración y Producción",Veracruz!$Q$11:$Q$47,"1")+COUNTIFS('Dos Bocas'!$F$108:$F$195,"Subdirección de Administración de Servicios para Exploración y Producción",'Dos Bocas'!$U$108:$U$195,"1")+COUNTIFS('Cd. Carmen'!$E$27:$E$190,"Subdirección de Administración de Servicios para Exploración y Producción",'Cd. Carmen'!$Q$27:$Q$190,"1")+COUNTIFS('Cinco Presidentes'!$E$51:$E$116,"Subdirección de Administración de Servicios para Exploración y Producción",'Cinco Presidentes'!$Q$51:$Q$116,"1")+COUNTIFS('Bellota Jujo'!$E$21:$E$48,"Subdirección de Administración de Servicios para Exploración y Producción",'Bellota Jujo'!$Q$21:$Q$48,"1")+COUNTIFS(Macuspana!$E$47:$E$67,"Subdirección de Administración de Servicios para Exploración y Producción",Macuspana!$Q$47:$Q$67,"1")+COUNTIFS('Samaria Luna'!$E$17:$E$37,"Subdirección de Administración de Servicios para Exploración y Producción",'Samaria Luna'!$Q$17:$Q$37,"1")+COUNTIFS(Villahermosa!$E$22:$E$29,"Subdirección de Administración de Servicios para Exploración y Producción",Villahermosa!$Q$22:$Q$29,"1") -> 43 | J48: =SUMIFS('Dos Bocas'!$Q$108:$Q$195,'Dos Bocas'!$F$108:$F$195,"Subdirección de Administración de Servicios para Exploración y Producción",'Dos Bocas'!$U$108:$U$195,"1")+SUMIFS(Reynosa!$M$8:$M$63,Reynosa!$E$8:$E$63,"Subdirección de Administración de Servicios para Exploración y Producción",Reynosa!$Q$8:$Q$63,"1")+SUMIFS(Altamira!$M$13:$M$47,Altamira!$E$13:$E$47,"Subdirección de Administración de Servicios para Exploración y Producción",Altamira!$Q$13:$Q$47,"1")+SUMIFS('Naranjos-Cerro A'!$M$14:$M$36,'Naranjos-Cerro A'!$E$14:$E36,"Subdirección de Administración de Servicios para Exploración y Producción",'Naranjos-Cerro A'!$Q$14:$Q$36,"1")+SUMIFS('Poza Rica'!$M$26:$M$71,'Poza Rica'!$E$26:$E$71,"Subdirección de Administración de Servicios para Exploración y Producción",'Poza Rica'!$Q$26:$Q$71,"1")+SUMIFS(Veracruz!$M$11:$M$47,Veracruz!$E$11:$E$47,"Subdirección de Administración de Servicios para Exploración y Producción",Veracruz!$Q$11:$Q$47,"1")+SUMIFS('Cd. Carmen'!$M$27:$M$190,'Cd. Carmen'!$E$27:$E$190,"Subdirección de Administración de Servicios para Exploración y Producción",'Cd. Carmen'!$Q$27:$Q$190,"1")+SUMIFS('Cinco Presidentes'!$M$51:$M$116,'Cinco Presidentes'!$E$51:$E$116,"Subdirección de Administración de Servicios para Exploración y Producción",'Cinco Presidentes'!$Q$51:$Q$116,"1")+SUMIFS('Bellota Jujo'!$M$21:$M$48,'Bellota Jujo'!$E$21:$E$48,"Subdirección de Administración de Servicios para Exploración y Producción",'Bellota Jujo'!$Q$21:$Q$48,"1")+SUMIFS(Macuspana!$M$47:$M$67,Macuspana!$E$47:$E$67,"Subdirección de Administración de Servicios para Exploración y Producción",Macuspana!$Q$47:$Q$67,"1")+SUMIFS('Samaria Luna'!$M$17:$M$37,'Samaria Luna'!$E$17:$E$37,"Subdirección de Administración de Servicios para Exploración y Producción",'Samaria Luna'!$Q$17:$Q$37,"1")+SUMIFS(Villahermosa!$M$22:$M$29,Villahermosa!$E$22:$E$29,"Subdirección de Administración de Servicios para Exploración y Producción",Villahermosa!$Q$22:$Q$29,"1") -> 393 | K48: =COUNTIFS(Reynosa!$E$8:$E$63,"Subdirección de Administración de Servicios para Exploración y Producción",Reynosa!$Q$8:$Q$63,"1",Reynosa!$R$8:$R$63,"Realizado")+COUNTIFS(Altamira!$E$13:$E$47,"Subdirección de Administración de Servicios para Exploración y Producción",Altamira!$Q$13:$Q$47,"1",Altamira!$R$13:$R$47,"Realizado")+COUNTIFS('Naranjos-Cerro A'!$E$13:$E$36,"Subdirección de Administración de Servicios para Exploración y Producción",'Naranjos-Cerro A'!$Q$13:$Q$36,"1",'Naranjos-Cerro A'!$R$13:$R$36,"Realizado")+COUNTIFS('Poza Rica'!$E$26:$E$71,"Subdirección de Administración de Servicios para Exploración y Producción",'Poza Rica'!$Q$26:$Q$71,"1",'Poza Rica'!$R$26:$R$71,"Realizado")+COUNTIFS(Veracruz!$E$11:$E$47,"Subdirección de Administración de Servicios para Exploración y Producción",Veracruz!$Q$11:$Q$47,"1",Veracruz!$R$11:$R$47,"Realizado")+COUNTIFS('Dos Bocas'!$F$94:$F$195,"Subdirección de Administración de Servicios para Exploración y Producción",'Dos Bocas'!$U$94:$U$195,"1",'Dos Bocas'!$V$94:$V$195,"Realizado")+COUNTIFS('Cd. Carmen'!$E$25:$E$190,"Subdirección de Administración de Servicios para Exploración y Producción",'Cd. Carmen'!$Q$25:$Q$190,"1",'Cd. Carmen'!$R$25:$R$190,"Realizado")+COUNTIFS('Cinco Presidentes'!$E$10:$E$116,"Subdirección de Administración de Servicios para Exploración y Producción",'Cinco Presidentes'!$Q$10:$Q$116,"1",'Cinco Presidentes'!$R$10:$R$116,"Realizado")+COUNTIFS('Bellota Jujo'!$E$21:$E$48,"Subdirección de Administración de Servicios para Exploración y Producción",'Bellota Jujo'!$Q$21:$Q$48,"1",'Bellota Jujo'!$R$21:$R$48,"Realizado")+COUNTIFS(Macuspana!$E$37:$E$67,"Subdirección de Administración de Servicios para Exploración y Producción",Macuspana!$Q$37:$Q$67,"1",Macuspana!$R$37:$R$67,"Realizado")+COUNTIFS('Samaria Luna'!$E$17:$E$37,"Subdirección de Administración de Servicios para Exploración y Producción",'Samaria Luna'!$Q$17:$Q$37,"1",'Samaria Luna'!$R$17:$R$37,"Realizado")+COUNTIFS(Villahermosa!$E$22:$E$29,"Subdirección de Administración de Servicios para Exploración y Producción",Villahermosa!$Q$22:$Q$29,"1",Villahermosa!$R$22:$R$29,"Realizdo")+1 -> 32 | L48: =COUNTIF(Adicionales!$E$9:$E$86,"Subdirección de Administración de Servicios para Exploración y Producción") -> 25 | M48: =K48+L48 -> 57 | N48: =SUMIFS('Dos Bocas'!$W$94:$W$195,'Dos Bocas'!$F$94:$F$195,"Subdirección de Administración de Servicios para Exploración y Producción",'Dos Bocas'!$U$94:$U$195,"1",'Dos Bocas'!$V$94:$V$195,"Realizado")+SUMIFS(Reynosa!$S$8:$S$63,Reynosa!$E$8:$E$63,"Subdirección de Administración de Servicios para Exploración y Producción",Reynosa!$Q$8:$Q$63,"1",Reynosa!$R$8:$R$63,"Realizado")+SUMIFS(Altamira!$S$13:$S$47,Altamira!$E$13:$E$47,"Subdirección de Administración de Servicios para Exploración y Producción",Altamira!$Q$13:$Q$47,"1",Altamira!$R$13:$R$47,"Realizado")+SUMIFS('Naranjos-Cerro A'!$S$14:$S$36,'Naranjos-Cerro A'!$E$14:$E36,"Subdirección de Administración de Servicios para Exploración y Producción",'Naranjos-Cerro A'!$Q$14:$Q$36,"1",'Naranjos-Cerro A'!$R$14:$R$36,"Realizado")+SUMIFS('Poza Rica'!$S$26:$S$71,'Poza Rica'!$E$26:$E$71,"Subdirección de Administración de Servicios para Exploración y Producción",'Poza Rica'!$Q$26:$Q$71,"1",'Poza Rica'!$R$26:$R$71,"Realizado")+SUMIFS(Veracruz!$S$11:$S$47,Veracruz!$E$11:$E$47,"Subdirección de Administración de Servicios para Exploración y Producción",Veracruz!$Q$11:$Q$47,"1",Veracruz!$R$11:$R$47,"Realizado")+SUMIFS('Cd. Carmen'!$S$25:$S$190,'Cd. Carmen'!$E$25:$E$190,"Subdirección de Administración de Servicios para Exploración y Producción",'Cd. Carmen'!$Q$25:$Q$190,"1",'Cd. Carmen'!$S$25:$S$190,"Realizado")+SUMIFS('Cinco Presidentes'!$S$10:$S$116,'Cinco Presidentes'!$E$10:$E$116,"Subdirección de Administración de Servicios para Exploración y Producción",'Cinco Presidentes'!$Q$10:$Q$116,"1",'Cinco Presidentes'!$R$10:$R$116,"Realizado")+SUMIFS('Bellota Jujo'!$S$21:$S$48,'Bellota Jujo'!$E$21:$E$48,"Subdirección de Administración de Servicios para Exploración y Producción",'Bellota Jujo'!$Q$21:$Q$48,"1",'Bellota Jujo'!$R$21:$R$48,"Realizado")+SUMIFS(Macuspana!$S$37:$S$67,Macuspana!$E$37:$E$67,"Subdirección de Administración de Servicios para Exploración y Producción",Macuspana!$Q$37:$Q$67,"1",Macuspana!$R$37:$R$67,"Realizado")+SUMIFS('Samaria Luna'!$S$17:$S$37,'Samaria Luna'!$E$17:$E$37,"Subdirección de Administración de Servicios para Exploración y Producción",'Samaria Luna'!$Q$17:$Q$37,"1",'Samaria Luna'!$R$17:$R$37,"Realizado")+SUMIFS(Villahermosa!$S$22:$S$29,Villahermosa!$E$22:$E$29,"Subdirección de Administración de Servicios para Exploración y Producción",Villahermosa!$Q$22:$Q$29,"1",Villahermosa!$R$22:$R$29,"Realizado") -> 251 | O48: =SUMIF(Adicionales!$E$9:$E$86,"Subdirección de Administración de Servicios para Exploración y Producción",Adicionales!$M$9:$M$86) -> 230 | P48: =COUNTIFS(Reynosa!$E$8:$E$63,"Subdirección de Administración de Servicios para Exploración y Producción",Reynosa!$Q$8:$Q$63,"1",Reynosa!$R$8:$R$63,"Cancelado")+COUNTIFS(Altamira!$E$13:$E$47,"Subdirección de Administración de Servicios para Exploración y Producción",Altamira!$Q$13:$Q$47,"1",Altamira!$R$13:$R$47,"Cancelado")+COUNTIFS('Naranjos-Cerro A'!$E$13:$E$36,"Subdirección de Administración de Servicios para Exploración y Producción",'Naranjos-Cerro A'!$Q$13:$Q$36,"1",'Naranjos-Cerro A'!$R$13:$R$36,"Cancelado")+COUNTIFS('Poza Rica'!$E$26:$E$71,"Subdirección de Administración de Servicios para Exploración y Producción",'Poza Rica'!$Q$26:$Q$71,"1",'Poza Rica'!$R$26:$R$71,"Cancelado")+COUNTIFS(Veracruz!$E$11:$E$47,"Subdirección de Administración de Servicios para Exploración y Producción",Veracruz!$Q$11:$Q$47,"1",Veracruz!$R$11:$R$47,"Cancelado")+COUNTIFS('Dos Bocas'!$F$108:$F$195,"Subdirección de Administración de Servicios para Exploración y Producción",'Dos Bocas'!$U$108:$U$195,"1",'Dos Bocas'!$V$108:$V$195,"Cancelado")+COUNTIFS('Cd. Carmen'!$E$28:$E$190,"Subdirección de Administración de Servicios para Exploración y Producción",'Cd. Carmen'!$Q$28:$Q$190,"1",'Cd. Carmen'!$R$28:$R$190,"Cancelado")+COUNTIFS('Cinco Presidentes'!$E$51:$E$116,"Subdirección de Administración de Servicios para Exploración y Producción",'Cinco Presidentes'!$Q$51:$Q$116,"1",'Cinco Presidentes'!$R$51:$R$116,"Cancelado")+COUNTIFS('Bellota Jujo'!$E$21:$E$48,"Subdirección de Administración de Servicios para Exploración y Producción",'Bellota Jujo'!$Q$21:$Q$48,"1",'Bellota Jujo'!$R$21:$R$48,"Cancelado")+COUNTIFS(Macuspana!$E$47:$E$67,"Subdirección de Administración de Servicios para Exploración y Producción",Macuspana!$Q$47:$Q$67,"1",Macuspana!$R$47:$R$67,"Cancelado")+COUNTIFS('Samaria Luna'!$E$17:$E$37,"Subdirección de Administración de Servicios para Exploración y Producción",'Samaria Luna'!$Q$17:$Q$37,"1",'Samaria Luna'!$R$17:$R$37,"Cancelado")+COUNTIFS(Villahermosa!$E$22:$E$29,"Subdirección de Administración de Servicios para Exploración y Producción",Villahermosa!$Q$22:$Q$29,"1",Villahermosa!$R$22:$R$29,"Cancelado") -> 10 | Q48: =IFERROR(M48/(I48+L48), "-") -> 0.83823529 | R48: =IFERROR(M48/(G48+L48), "-") -> 0.83823529
B49: SSSTPA | C49: =COUNTIF(Reynosa!$E$8:$E$63,"Subdirección de Seguridad, Salud en el Trabajo y Protección Ambiental")+COUNTIF(Altamira!$E$8:$E$47,"Subdirección de Seguridad, Salud en el Trabajo y Protección Ambiental")+COUNTIF('Naranjos-Cerro A'!$E$8:$E$36,"Subdirección de Seguridad, Salud en el Trabajo y Protección Ambiental")+COUNTIF('Poza Rica'!$E$8:$E$71,"Subdirección de Seguridad, Salud en el Trabajo y Protección Ambiental")+COUNTIF(Veracruz!$E$8:$E$47,"Subdirección de Seguridad, Salud en el Trabajo y Protección Ambiental")+COUNTIF('Dos Bocas'!$F$8:$F$195,"Subdirección de Seguridad, Salud en el Trabajo y Protección Ambiental")+COUNTIF('Cd. Carmen'!$E$8:$E$190,"Subdirección de Seguridad, Salud en el Trabajo y Protección Ambiental")+COUNTIF('Cinco Presidentes'!$E$8:$E$116,"Subdirección de Seguridad, Salud en el Trabajo y Protección Ambiental")+COUNTIF('Bellota Jujo'!$E$8:$E$48,"Subdirección de Seguridad, Salud en el Trabajo y Protección Ambiental")+COUNTIF(Macuspana!$E$8:$E$67,"Subdirección de Seguridad, Salud en el Trabajo y Protección Ambiental")+COUNTIF('Samaria Luna'!$E$8:$E$37,"Subdirección de Seguridad, Salud en el Trabajo y Protección Ambiental")+COUNTIF(Villahermosa!$E$8:$E$29,"Subdirección de Seguridad, Salud en el Trabajo y Protección Ambiental")+COUNTIF(Sede!$E$8:$E$11,"Subdirección de Seguridad, Salud en el Trabajo y Protección Ambiental") -> 122 | D49: =SUMIF(Reynosa!$E$8:$E$63,"Subdirección de Seguridad, Salud en el Trabajo y Protección Ambiental",Reynosa!$M$8:$M$63)+SUMIF(Altamira!$E$8:$E$47,"Subdirección de Seguridad, Salud en el Trabajo y Protección Ambiental",Altamira!$M$8:$M$47)+SUMIF('Naranjos-Cerro A'!$E$8:$E$36,"Subdirección de Seguridad, Salud en el Trabajo y Protección Ambiental",'Naranjos-Cerro A'!$M$8:$M$36)+SUMIF('Poza Rica'!$E$8:$E$71,"Subdirección de Seguridad, Salud en el Trabajo y Protección Ambiental",'Poza Rica'!$M$8:$M$71)+SUMIF(Veracruz!$E$8:$E$47,"Subdirección de Seguridad, Salud en el Trabajo y Protección Ambiental",Veracruz!$M$8:$M$47)+SUMIF('Dos Bocas'!$F$8:$F$195,"Subdirección de Seguridad, Salud en el Trabajo y Protección Ambiental",'Dos Bocas'!$N$8:$N$195)+SUMIF('Cd. Carmen'!$E$8:$E$190,"Subdirección de Seguridad, Salud en el Trabajo y Protección Ambiental",'Cd. Carmen'!$M$8:$M$190)+SUMIF('Cinco Presidentes'!$E$8:$E$116,"Subdirección de Seguridad, Salud en el Trabajo y Protección Ambiental",'Cinco Presidentes'!$M$8:$M$116)+SUMIF('Bellota Jujo'!$E$8:$E$48,"Subdirección de Seguridad, Salud en el Trabajo y Protección Ambiental",'Bellota Jujo'!$M$8:$M$48)+SUMIF(Macuspana!$E$8:$E$67,"Subdirección de Seguridad, Salud en el Trabajo y Protección Ambiental",Macuspana!$M$8:$M$67)+SUMIF('Samaria Luna'!$E$8:$E$37,"Subdirección de Seguridad, Salud en el Trabajo y Protección Ambiental",'Samaria Luna'!$M$8:$M$37)+SUMIF(Villahermosa!$E$8:$E$29,"Subdirección de Seguridad, Salud en el Trabajo y Protección Ambiental",Villahermosa!$M$8:$M$29)+SUMIF(Sede!$E$8:$E$11,"Subdirección de Seguridad, Salud en el Trabajo y Protección Ambiental",Sede!$M$8:$M$11) -> 976 | E49: =COUNTIF(Altamira!$E$8:$E$12,"Subdirección de Seguridad, Salud en el Trabajo y Protección Ambiental")+COUNTIF('Naranjos-Cerro A'!$E$8:$E$12,"Subdirección de Seguridad, Salud en el Trabajo y Protección Ambiental")+COUNTIF('Poza Rica'!$E$8:$E$25,"Subdirección de Seguridad, Salud en el Trabajo y Protección Ambiental")+COUNTIF(Veracruz!$E$5:$E$10,"Subdirección de Seguridad, Salud en el Trabajo y Protección Ambiental")+COUNTIF('Dos Bocas'!$F$8:$F$10,"Subdirección de Seguridad, Salud en el Trabajo y Protección Ambiental")+COUNTIF('Cd. Carmen'!$E$8:$E$26,"Subdirección de Seguridad, Salud en el Trabajo y Protección Ambiental")+COUNTIF('Cinco Presidentes'!$E$8:$E$11,"Subdirección de Seguridad, Salud en el Trabajo y Protección Ambiental")+COUNTIF('Bellota Jujo'!$E$8:$E$10,"Subdirección de Seguridad, Salud en el Trabajo y Protección Ambiental")+COUNTIF(Macuspana!$E$8:$E$15,"Subdirección de Seguridad, Salud en el Trabajo y Protección Ambiental")+COUNTIF('Samaria Luna'!$E$8:E14,"Subdirección de Seguridad, Salud en el Trabajo y Protección Ambiental")+COUNTIF(Villahermosa!$E$8:$E$12,"Subdirección de Seguridad, Salud en el Trabajo y Protección Ambiental")+COUNTIF('Cd. Méx'!$E$8:$E$11,"Subdirección de Seguridad, Salud en el Trabajo y Protección Ambiental") -> 10 | F49: =SUMIF(Altamira!$E$8:$E$12,"Subdirección de Seguridad, Salud en el Trabajo y Protección Ambiental",Altamira!$M$8:$M$12)+SUMIF('Naranjos-Cerro A'!$E$8:$E$12,"Subdirección de Seguridad, Salud en el Trabajo y Protección Ambiental",'Naranjos-Cerro A'!$M$8:$M$12)+SUMIF('Poza Rica'!$E$8:$E$25,"Subdirección de Seguridad, Salud en el Trabajo y Protección Ambiental",'Poza Rica'!$M$8:$M$25)+SUMIF(Veracruz!$E$5:$E$10,"Subdirección de Seguridad, Salud en el Trabajo y Protección Ambiental",Veracruz!$M$5:$M$10)+SUMIF('Dos Bocas'!$F$8:$F$10,"Subdirección de Seguridad, Salud en el Trabajo y Protección Ambiental",'Dos Bocas'!$Q$8:$Q$10)+SUMIF('Cd. Carmen'!$E$8:$E$26,"Subdirección de Seguridad, Salud en el Trabajo y Protección Ambiental",'Cd. Carmen'!$M$8:$M$26)+SUMIF('Cinco Presidentes'!$E$8:$E$11,"Subdirección de Seguridad, Salud en el Trabajo y Protección Ambiental",'Cinco Presidentes'!$M$8:$M$11)+SUMIF('Bellota Jujo'!$E$8:$E$10,"Subdirección de Seguridad, Salud en el Trabajo y Protección Ambiental",'Bellota Jujo'!$M$8:$M$10)+SUMIF(Macuspana!$E$8:$E$15,"Subdirección de Seguridad, Salud en el Trabajo y Protección Ambiental",Macuspana!$M$8:$M$15)+SUMIF('Samaria Luna'!$E$8:$E$14,"Subdirección de Seguridad, Salud en el Trabajo y Protección Ambiental",'Samaria Luna'!$M$8:$M$14)+SUMIF(Villahermosa!$E$8:$E$12,"Subdirección de Seguridad, Salud en el Trabajo y Protección Ambiental",Villahermosa!$M$8:$M$12) -> 87 | G49: =COUNTIF(Reynosa!$E$8:$E$63,"Subdirección de Seguridad, Salud en el Trabajo y Protección Ambiental")+COUNTIF(Altamira!$E$13:$E$47,"Subdirección de Seguridad, Salud en el Trabajo y Protección Ambiental")+COUNTIF('Naranjos-Cerro A'!$E$13:$E$36,"Subdirección de Seguridad, Salud en el Trabajo y Protección Ambiental")+COUNTIF('Poza Rica'!$E$26:$E$71,"Subdirección de Seguridad, Salud en el Trabajo y Protección Ambiental")+COUNTIF(Veracruz!$E$11:$E$47,"Subdirección de Seguridad, Salud en el Trabajo y Protección Ambiental")+COUNTIF('Dos Bocas'!$F$108:$F$195,"Subdirección de Seguridad, Salud en el Trabajo y Protección Ambiental")+COUNTIF('Cd. Carmen'!$E$27:$E$190,"Subdirección de Seguridad, Salud en el Trabajo y Protección Ambiental")+COUNTIF('Cinco Presidentes'!$E$51:$E$116,"Subdirección de Seguridad, Salud en el Trabajo y Protección Ambiental")+COUNTIF('Bellota Jujo'!$E$21:$E$48,"Subdirección de Seguridad, Salud en el Trabajo y Protección Ambiental")+COUNTIF(Macuspana!$E$47:$E$67,"Subdirección de Seguridad, Salud en el Trabajo y Protección Ambiental")+COUNTIF('Samaria Luna'!$E$17:$E$37,"Subdirección de Seguridad, Salud en el Trabajo y Protección Ambiental")+COUNTIF(Villahermosa!$E$22:$E$29,"Subdirección de Seguridad, Salud en el Trabajo y Protección Ambiental")+COUNTIF(Sede!$E$8:$E$11,"Subdirección de Seguridad, Salud en el Trabajo y Protección Ambiental") -> 110 | H49: =SUMIF(Reynosa!$E$8:$E$63,"Subdirección de Seguridad, Salud en el Trabajo y Protección Ambiental",Reynosa!$M$8:$M$63)+SUMIF(Altamira!$E$13:$E$47,"Subdirección de Seguridad, Salud en el Trabajo y Protección Ambiental",Altamira!$M$13:$M$47)+SUMIF('Naranjos-Cerro A'!$E$13:$E$36,"Subdirección de Seguridad, Salud en el Trabajo y Protección Ambiental",'Naranjos-Cerro A'!$M$13:$M$36)+SUMIF('Poza Rica'!$E$26:$E$71,"Subdirección de Seguridad, Salud en el Trabajo y Protección Ambiental",'Poza Rica'!$M$26:$M$71)+SUMIF(Veracruz!$E$11:$E$47,"Subdirección de Seguridad, Salud en el Trabajo y Protección Ambiental",Veracruz!$M$11:$M$47)+SUMIF('Dos Bocas'!$F$108:$F$195,"Subdirección de Seguridad, Salud en el Trabajo y Protección Ambiental",'Dos Bocas'!$Q$108:$Q$195)+SUMIF('Cd. Carmen'!$E$27:$E$190,"Subdirección de Seguridad, Salud en el Trabajo y Protección Ambiental",'Cd. Carmen'!$M$27:$M$190)+SUMIF('Cinco Presidentes'!$E$51:$E$116,"Subdirección de Seguridad, Salud en el Trabajo y Protección Ambiental",'Cinco Presidentes'!$M$51:$M$116)+SUMIF('Bellota Jujo'!$E$21:$E$48,"Subdirección de Seguridad, Salud en el Trabajo y Protección Ambiental",'Bellota Jujo'!$M$21:$M$48)+SUMIF(Macuspana!$E$47:$E$67,"Subdirección de Seguridad, Salud en el Trabajo y Protección Ambiental",Macuspana!$M$47:$M$67)+SUMIF('Samaria Luna'!$E$17:$E$37,"Subdirección de Seguridad, Salud en el Trabajo y Protección Ambiental",'Samaria Luna'!$M$17:$M$37)+SUMIF(Villahermosa!$E$22:$E$29,"Subdirección de Seguridad, Salud en el Trabajo y Protección Ambiental",Villahermosa!$M$22:$M$29)+SUMIF(Sede!$E$8:$E$11,"Subdirección de Seguridad, Salud en el Trabajo y Protección Ambiental",Sede!$M$8:$M$11) -> 871 | I49: =COUNTIFS(Reynosa!$E$8:$E$63,"Subdirección de Seguridad, Salud en el Trabajo y Protección Ambiental",Reynosa!$Q$8:$Q$63,"1")+COUNTIFS(Altamira!$E$13:$E$47,"Subdirección de Seguridad, Salud en el Trabajo y Protección Ambiental",Altamira!$Q$13:$Q$47,"1")+COUNTIFS('Naranjos-Cerro A'!$E$13:$E$36,"Subdirección de Seguridad, Salud en el Trabajo y Protección Ambiental",'Naranjos-Cerro A'!$Q$13:$Q$36,"1")+COUNTIFS('Poza Rica'!$E$26:$E$71,"Subdirección de Seguridad, Salud en el Trabajo y Protección Ambiental",'Poza Rica'!$Q$26:$Q$71,"1")+COUNTIFS(Veracruz!$E$11:$E$47,"Subdirección de Seguridad, Salud en el Trabajo y Protección Ambiental",Veracruz!$Q$11:$Q$47,"1")+COUNTIFS('Dos Bocas'!$F$108:$F$195,"Subdirección de Seguridad, Salud en el Trabajo y Protección Ambiental",'Dos Bocas'!$U$108:$U$195,"1")+COUNTIFS('Cd. Carmen'!$E$27:$E$190,"Subdirección de Seguridad, Salud en el Trabajo y Protección Ambiental",'Cd. Carmen'!$Q$27:$Q$190,"1")+COUNTIFS('Cinco Presidentes'!$E$51:$E$116,"Subdirección de Seguridad, Salud en el Trabajo y Protección Ambiental",'Cinco Presidentes'!$Q$51:$Q$116,"1")+COUNTIFS('Bellota Jujo'!$E$21:$E$48,"Subdirección de Seguridad, Salud en el Trabajo y Protección Ambiental",'Bellota Jujo'!$Q$21:$Q$48,"1")+COUNTIFS(Macuspana!$E$47:$E$67,"Subdirección de Seguridad, Salud en el Trabajo y Protección Ambiental",Macuspana!$Q$47:$Q$67,"1")+COUNTIFS('Samaria Luna'!$E$17:$E$37,"Subdirección de Seguridad, Salud en el Trabajo y Protección Ambiental",'Samaria Luna'!$Q$17:$Q$37,"1")+COUNTIFS(Villahermosa!$E$22:$E$29,"Subdirección de Seguridad, Salud en el Trabajo y Protección Ambiental",Villahermosa!$Q$22:$Q$29,"1")+COUNTIFS(Sede!$E$8:$E$11,"Subdirección de Seguridad, Salud en el Trabajo y Protección Ambiental",Sede!$Q$8:$Q$11,"1") -> 110 | J49: =SUMIFS('Dos Bocas'!$Q$108:$Q$195,'Dos Bocas'!$F$108:$F$195,"Subdirección de Seguridad, Salud en el Trabajo y Protección Ambiental",'Dos Bocas'!$U$108:$U$195,"1")+SUMIFS('Cd. Carmen'!$M$27:$M$190,'Cd. Carmen'!$E$27:$E$190,"Subdirección de Seguridad, Salud en el Trabajo y Protección Ambiental",'Cd. Carmen'!$Q$27:$Q$190,"1")+SUMIFS('Cinco Presidentes'!$M$51:$M$116,'Cinco Presidentes'!$E$51:$E$116,"Subdirección de Seguridad, Salud en el Trabajo y Protección Ambiental",'Cinco Presidentes'!$Q$51:$Q$116,"1")+SUMIFS('Bellota Jujo'!$M$21:$M$48,'Bellota Jujo'!$E$21:$E$48,"Subdirección de Seguridad, Salud en el Trabajo y Protección Ambiental",'Bellota Jujo'!$Q$21:$Q$48,"1")+SUMIFS(Macuspana!$M$47:$M$67,Macuspana!$E$47:$E$67,"Subdirección de Seguridad, Salud en el Trabajo y Protección Ambiental",Macuspana!$Q$47:$Q$67,"1")+SUMIFS('Samaria Luna'!$M$17:$M$37,'Samaria Luna'!$E$17:$E$37,"Subdirección de Seguridad, Salud en el Trabajo y Protección Ambiental",'Samaria Luna'!$Q$17:$Q$37,"1")+SUMIFS(Villahermosa!$M$22:$M$29,Villahermosa!$E$22:$E$29,"Subdirección de Seguridad, Salud en el Trabajo y Protección Ambiental",Villahermosa!$Q$22:$Q$29,"1")+SUMIFS(Sede!$M$8:$M$11,Sede!$E$8:$E$11,"Subdirección de Seguridad, Salud en el Trabajo y Protección Ambiental",Sede!$Q$8:$Q$11,"1")+SUMIFS(Reynosa!$M$8:$M$63,Reynosa!$E$8:$E$63,"Subdirección de Seguridad, Salud en el Trabajo y Protección Ambiental",Reynosa!$Q$8:$Q$63,"1")+SUMIFS(Altamira!$M$13:$M$47,Altamira!$E$13:$E$47,"Subdirección de Seguridad, Salud en el Trabajo y Protección Ambiental",Altamira!$Q$13:$Q$47,"1")+SUMIFS('Naranjos-Cerro A'!$M$13:$M$36,'Naranjos-Cerro A'!$E$13:$E36,"Subdirección de Seguridad, Salud en el Trabajo y Protección Ambiental",'Naranjos-Cerro A'!$Q$13:$Q$36,"1")+SUMIFS('Poza Rica'!$M$26:$M$71,'Poza Rica'!$E$26:$E$71,"Subdirección de Seguridad, Salud en el Trabajo y Protección Ambiental",'Poza Rica'!$Q$26:$Q$71,"1")+SUMIFS(Veracruz!$M$11:$M$47,Veracruz!$E$11:$E$47,"Subdirección de Seguridad, Salud en el Trabajo y Protección Ambiental",Veracruz!$Q$11:$Q$47,"1") -> 871 | K49: =COUNTIFS(Reynosa!$E$8:$E$63,"Subdirección de Seguridad, Salud en el Trabajo y Protección Ambiental",Reynosa!$Q$8:$Q$63,"1",Reynosa!$R$8:$R$63,"Realizado")+COUNTIFS(Altamira!$E$13:$E$47,"Subdirección de Seguridad, Salud en el Trabajo y Protección Ambiental",Altamira!$Q$13:$Q$47,"1",Altamira!$R$13:$R$47,"Realizado")+COUNTIFS('Naranjos-Cerro A'!$E$13:$E$36,"Subdirección de Seguridad, Salud en el Trabajo y Protección Ambiental",'Naranjos-Cerro A'!$Q$13:$Q$36,"1",'Naranjos-Cerro A'!$R$13:$R$36,"Realizado")+COUNTIFS('Poza Rica'!$E$26:$E$71,"Subdirección de Seguridad, Salud en el Trabajo y Protección Ambiental",'Poza Rica'!$Q$26:$Q$71,"1",'Poza Rica'!$R$26:$R$71,"Realizado")+COUNTIFS(Veracruz!$E$11:$E$47,"Subdirección de Seguridad, Salud en el Trabajo y Protección Ambiental",Veracruz!$Q$11:$Q$47,"1",Veracruz!$R$11:$R$47,"Realizado")+COUNTIFS('Dos Bocas'!$F$94:$F$195,"Subdirección de Seguridad, Salud en el Trabajo y Protección Ambiental",'Dos Bocas'!$U$94:$U$195,"1",'Dos Bocas'!$V$94:$V$195,"Realizado")+COUNTIFS('Cd. Carmen'!$E$25:$E$190,"Subdirección de Seguridad, Salud en el Trabajo y Protección Ambiental",'Cd. Carmen'!$Q$25:$Q$190,"1",'Cd. Carmen'!$R$25:$R$190,"Realizado")+COUNTIFS('Cinco Presidentes'!$E$10:$E$116,"Subdirección de Seguridad, Salud en el Trabajo y Protección Ambiental",'Cinco Presidentes'!$Q$10:$Q$116,"1",'Cinco Presidentes'!$R$10:$R$116,"Realizado")+COUNTIFS('Bellota Jujo'!$E$21:$E$48,"Subdirección de Seguridad, Salud en el Trabajo y Protección Ambiental",'Bellota Jujo'!$Q$21:$Q$48,"1",'Bellota Jujo'!$R$21:$R$48,"Realizado")+COUNTIFS(Macuspana!$E$37:$E$67,"Subdirección de Seguridad, Salud en el Trabajo y Protección Ambiental",Macuspana!$Q$37:$Q$67,"1",Macuspana!$R$37:$R$67,"Realizado")+COUNTIFS('Samaria Luna'!$E$17:$E$37,"Subdirección de Seguridad, Salud en el Trabajo y Protección Ambiental",'Samaria Luna'!$Q$17:$Q$37,"1",'Samaria Luna'!$R$17:$R$37,"Realizado")+COUNTIFS(Villahermosa!$E$22:$E$29,"Subdirección de Seguridad, Salud en el Trabajo y Protección Ambiental",Villahermosa!$Q$22:$Q$29,"1",Villahermosa!$R$22:$R$29,"Realizado")+COUNTIFS(Sede!$E$8:$E$11,"Subdirección de Seguridad, Salud en el Trabajo y Protección Ambiental",Sede!$Q$8:$Q$11,"1",Sede!$R$8:$R$11,"Realizado") -> 93 | L49: =COUNTIF(Adicionales!$E$9:$E$88,"Subdirección de Seguridad, Salud en el Trabajo y Protección Ambiental") -> 12 | M49: =K49+L49 -> 105 | N49: =SUMIFS('Dos Bocas'!$W$94:$W$195,'Dos Bocas'!$F$94:$F$195,"Subdirección de Seguridad, Salud en el Trabajo y Protección Ambiental",'Dos Bocas'!$U$94:$U$195,"1",'Dos Bocas'!$V$94:$V$195,"Realizado")+SUMIFS(Reynosa!$S$8:$S$63,Reynosa!$E$8:$E$63,"Subdirección de Seguridad, Salud en el Trabajo y Protección Ambiental",Reynosa!$Q$8:$Q$63,"1",Reynosa!$R$8:$R$63,"Realizado")+SUMIFS(Altamira!$S$13:$S$47,Altamira!$E$13:$E$47,"Subdirección de Seguridad, Salud en el Trabajo y Protección Ambiental",Altamira!$Q$13:$Q$47,"1",Altamira!$R$13:$R$47,"Realizado")+SUMIFS('Naranjos-Cerro A'!$S$13:$S$36,'Naranjos-Cerro A'!$E$13:$E36,"Subdirección de Seguridad, Salud en el Trabajo y Protección Ambiental",'Naranjos-Cerro A'!$Q$13:$Q$36,"1",'Naranjos-Cerro A'!$R$13:$R$36,"Realizado")+SUMIFS('Poza Rica'!$S$26:$S$71,'Poza Rica'!$E$26:$E$71,"Subdirección de Seguridad, Salud en el Trabajo y Protección Ambiental",'Poza Rica'!$Q$26:$Q$71,"1",'Poza Rica'!$R$26:$R$71,"Realizado")+SUMIFS(Veracruz!$S$11:$S$47,Veracruz!$E$11:$E$47,"Subdirección de Seguridad, Salud en el Trabajo y Protección Ambiental",Veracruz!$Q$11:$Q$47,"1",Veracruz!$R$11:$R$47,"Realizado")+SUMIFS('Cd. Carmen'!$S$25:$S$190,'Cd. Carmen'!$E$25:$E$190,"Subdirección de Seguridad, Salud en el Trabajo y Protección Ambiental",'Cd. Carmen'!$Q$25:$Q$190,"1",'Cd. Carmen'!$S$25:$S$190,"Realizado")+SUMIFS('Cinco Presidentes'!$S$10:$S$116,'Cinco Presidentes'!$E$10:$E$116,"Subdirección de Seguridad, Salud en el Trabajo y Protección Ambiental",'Cinco Presidentes'!$Q$10:$Q$116,"1",'Cinco Presidentes'!$R$10:$R$116,"Realizado")+SUMIFS('Bellota Jujo'!$S$21:$S$48,'Bellota Jujo'!$E$21:$E$48,"Subdirección de Seguridad, Salud en el Trabajo y Protección Ambiental",'Bellota Jujo'!$Q$21:$Q$48,"1",'Bellota Jujo'!$R$21:$R$48,"Realizado")+SUMIFS(Macuspana!$S$37:$S$67,Macuspana!$E$37:$E$67,"Subdirección de Seguridad, Salud en el Trabajo y Protección Ambiental",Macuspana!$Q$37:$Q$67,"1",Macuspana!$R$37:$R$67,"Realizado")+SUMIFS('Samaria Luna'!$S$17:$S$37,'Samaria Luna'!$E$17:$E$37,"Subdirección de Seguridad, Salud en el Trabajo y Protección Ambiental",'Samaria Luna'!$Q$17:$Q$37,"1",'Samaria Luna'!$R$17:$R$37,"Realizado")+SUMIFS(Villahermosa!$S$22:$S$29,Villahermosa!$E$22:$E$29,"Subdirección de Seguridad, Salud en el Trabajo y Protección Ambiental",Villahermosa!$Q$22:$Q$29,"1",Villahermosa!$R$22:$R$29,"Realizado")+SUMIFS(Sede!$S$8:$S$11,Sede!$E$8:$E$11,"Subdirección de Seguridad, Salud en el Trabajo y Protección Ambiental",Sede!$Q$8:Q11,"1",Sede!$R$8:$R$11,"Realizado") -> 504 | O49: =SUMIF(Adicionales!$E$9:$E$86,"Subdirección de Seguridad, Salud en el Trabajo y Protección Ambiental",Adicionales!$M$9:$M$86) -> 109 | P49: =COUNTIFS(Reynosa!$E$8:$E$63,"Subdirección de Seguridad, Salud en el Trabajo y Protección Ambiental",Reynosa!$Q$8:$Q$63,"1",Reynosa!$R$8:$R$63,"Cancelado")+COUNTIFS(Altamira!$E$13:$E$47,"Subdirección de Seguridad, Salud en el Trabajo y Protección Ambiental",Altamira!$Q$13:$Q$47,"1",Altamira!$R$13:$R$47,"Cancelado")+COUNTIFS('Naranjos-Cerro A'!$E$13:$E$36,"Subdirección de Seguridad, Salud en el Trabajo y Protección Ambiental",'Naranjos-Cerro A'!$Q$13:$Q$36,"1",'Naranjos-Cerro A'!$R$13:$R$36,"Cancelado")+COUNTIFS('Poza Rica'!$E$26:$E$71,"Subdirección de Seguridad, Salud en el Trabajo y Protección Ambiental",'Poza Rica'!$Q$26:$Q$71,"1",'Poza Rica'!$R$26:$R$71,"Cancelado")+COUNTIFS(Veracruz!$E$11:$E$47,"Subdirección de Seguridad, Salud en el Trabajo y Protección Ambiental",Veracruz!$Q$11:$Q$47,"1",Veracruz!$R$11:$R$47,"Cancelado")+COUNTIFS('Dos Bocas'!$F$108:$F$195,"SSubdirección de Seguridad, Salud en el Trabajo y Protección Ambiental",'Dos Bocas'!$U$108:$U$195,"1",'Dos Bocas'!$V$108:$V$195,"Cancelado")+COUNTIFS('Cd. Carmen'!$E$28:$E$190,"Subdirección de Seguridad, Salud en el Trabajo y Protección Ambiental",'Cd. Carmen'!$Q$28:$Q$190,"1",'Cd. Carmen'!$R$28:$R$190,"Cancelado")+COUNTIFS('Cinco Presidentes'!$E$51:$E$116,"Subdirección de Seguridad, Salud en el Trabajo y Protección Ambiental",'Cinco Presidentes'!$Q$51:$Q$116,"1",'Cinco Presidentes'!$R$51:$R$116,"Cancelado")+COUNTIFS('Bellota Jujo'!$E$21:$E$48,"Subdirección de Seguridad, Salud en el Trabajo y Protección Ambiental",'Bellota Jujo'!$Q$21:$Q$48,"1",'Bellota Jujo'!$R$21:$R$48,"Cancelado")+COUNTIFS(Macuspana!$E$47:$E$67,"Subdirección de Seguridad, Salud en el Trabajo y Protección Ambiental",Macuspana!$Q$47:$Q$67,"1",Macuspana!$R$47:$R$67,"Cancelado")+COUNTIFS('Samaria Luna'!$E$17:$E$37,"Subdirección de Seguridad, Salud en el Trabajo y Protección Ambiental",'Samaria Luna'!$Q$17:$Q$37,"1",'Samaria Luna'!$R$17:$R$37,"Cancelado")+COUNTIFS(Villahermosa!$E$22:$E$29,"Subdirección de Seguridad, Salud en el Trabajo y Protección Ambiental",Villahermosa!$Q$22:$Q$29,"1",Villahermosa!$R$22:$R$29,"Cancelado")+COUNTIFS(Sede!$E$8:$E$11,"Subdirección de Seguridad, Salud en el Trabajo y Protección Ambiental",Sede!$Q$8:$Q$11,"1",Sede!$R$8:$R$11,"Cancelado") -> 19 | Q49: =IFERROR(M49/(I49+L49), "-") -> 0.86065574 | R49: =IFERROR(M49/(G49+L49), "-") -> 0.86065574
B50: SPMP | C50: =COUNTIF('Cd. Carmen'!$E$8:$E$190,"Subdirección de Perforación y Mantenimiento de Pozos")+COUNTIF(Perforación!$E$8:$E$88,"Subdirección de Perforación y Mantenimiento de Pozos") -> 138 | D50: =SUMIF('Cd. Carmen'!$E$8:$E$190,"Subdirección de Perforación y Mantenimiento de Pozos",'Cd. Carmen'!$M$8:$M$190)+SUMIF(Perforación!$E$8:$E$88,"Subdirección de Perforación y Mantenimiento de Pozos",Perforación!$M$8:$M$88) -> 1147 | E50: 1 | F50: 10 | G50: =COUNTIF('Cd. Carmen'!$E$27:$E$190,"Subdirección de Perforación y Mantenimiento de Pozos")+COUNTIF(Perforación!$E$9:$E$88,"Subdirección de Perforación y Mantenimiento de Pozos") -> 137 | H50: =SUMIF('Cd. Carmen'!$E$27:$E$190,"Subdirección de Perforación y Mantenimiento de Pozos",'Cd. Carmen'!$M$27:$M$190)+SUMIF(Perforación!$E$9:$E$88,"Subdirección de Perforación y Mantenimiento de Pozos",Perforación!$M$9:$M$88) -> 1137 | I50: =COUNTIFS('Cd. Carmen'!$E$27:$E$190,"Subdirección de Perforación y Mantenimiento de Pozos",'Cd. Carmen'!$Q$27:$Q$190,"1")+COUNTIFS(Perforación!$E$9:$E$88,"Subdirección de Perforación y Mantenimiento de Pozos",Perforación!$Q$9:$Q$88,"1") -> 137 | J50: =SUMIFS('Cd. Carmen'!$M$27:$M$190,'Cd. Carmen'!$E$27:$E$190,"Subdirección de Perforación y Mantenimiento de Pozos",'Cd. Carmen'!$Q$27:$Q$190,"1")+SUMIFS(Perforación!$M$9:$M$88,Perforación!$E$9:$E$88,"Subdirección de Perforación y Mantenimiento de Pozos",Perforación!$Q$9:$Q$88,"1") -> 1137 | K50: =COUNTIFS('Cd. Carmen'!$E$25:$E$190,"Subdirección de Perforación y Mantenimiento de Pozos",'Cd. Carmen'!$Q$25:$Q$190,"1",'Cd. Carmen'!$R$25:$R$190,"Realizado")+COUNTIFS(Perforación!$E$9:$E$88,"Subdirección de Perforación y Mantenimiento de Pozos",Perforación!$Q$9:$Q$88,"1",Perforación!$R$9:$R$88,"Realizado") -> 86 | L50: =COUNTIF(Adicionales!$E$9:$E$86,"Subdirección de Perforación y Mantenimiento de Pozos") -> 11 | M50: =K50+L50 -> 97 | N50: =SUMIFS(Perforación!$S$9:$S$88,Perforación!$Q$9:$Q$88,"1",Perforación!$R$9:$R$88,"Realizado")+SUMIFS('Cd. Carmen'!$S$25:$S$190,'Cd. Carmen'!$E$25:$E$190,"Subdirección de Perforación y Mantenimiento de Pozos",'Cd. Carmen'!$Q$25:$Q$190,"1",'Cd. Carmen'!$R$25:$R$190,"Realizado") -> 707 | O50: =SUMIF(Adicionales!$E$9:$E$86,"Subdirección de Perforación y Mantenimiento de Pozos",Adicionales!$M$9:$M$86) -> 114 | P50: =COUNTIFS('Cd. Carmen'!$E$27:$E$190,"Subdirección de Perforación y Mantenimiento de Pozos",'Cd. Carmen'!$Q$27:$Q$190,"1",'Cd. Carmen'!$R$27:$R$190,"Cancelado")+COUNTIFS(Perforación!$E$9:$E$88,"Subdirección de Perforación y Mantenimiento de Pozos",Perforación!$Q$9:$Q$88,"1",Perforación!$R$9:$R$88,"Cancelado") -> 51 | Q50: =IFERROR(M50/(I50+L50), "-") -> 0.65540541 | R50: =IFERROR(M50/(G50+L50), "-") -> 0.65540541
B51: SE | C51: =COUNTIF(Reynosa!$E$8:$E$63,"Subdirección de Exploración")+COUNTIF(Altamira!$E$8:$E$47,"Subdirección de Exploración")+COUNTIF('Naranjos-Cerro A'!$E$8:$E$36,"Subdirección de Exploración")+COUNTIF('Poza Rica'!$E$8:$E$71,"Subdirección de Exploración")+COUNTIF(Veracruz!$E$8:$E$47,"Subdirección de Exploración")+COUNTIF('Dos Bocas'!$F$8:$F$195,"Subdirección de Exploración")+COUNTIF('Cd. Carmen'!$E$8:$E$190,"Subdirección de Exploración")+COUNTIF('Cinco Presidentes'!$E$8:$E$116,"Subdirección de Exploración")+COUNTIF('Bellota Jujo'!$E$8:$E$48,"Subdirección de Exploración")+COUNTIF(Macuspana!$E$8:$E$67,"Subdirección de Exploración")+COUNTIF('Samaria Luna'!$E$8:$E$37,"Subdirección de Exploración")+COUNTIF(Villahermosa!$E$8:$E$29,"Subdirección de Exploración")+COUNTIF('Cd. Méx'!$E$8:$E$11,"Subdirección de Exploración") -> 30 | D51: =SUMIF(Reynosa!$E$8:$E$63,"Subdirección de Exploración",Reynosa!$M$8:$M$63)+SUMIF(Altamira!$E$8:$E$47,"Subdirección de Exploración",Altamira!$M$8:$M$47)+SUMIF('Naranjos-Cerro A'!$E$8:$E$36,"Subdirección de Exploración",'Naranjos-Cerro A'!$M$8:$M$36)+SUMIF('Poza Rica'!$E$8:$E$71,"Subdirección de Exploración",'Poza Rica'!$M$8:$M$71)+SUMIF(Veracruz!$E$8:$E$47,"Subdirección de Exploración",Veracruz!$M$8:$M$47)+SUMIF('Dos Bocas'!$F$8:$F$195,"Subdirección de Exploración",'Dos Bocas'!$N$8:$N$195)+SUMIF('Cd. Carmen'!$E$8:$E$190,"Subdirección de Exploración",'Cd. Carmen'!$M$8:$M$190)+SUMIF('Cinco Presidentes'!$E$8:$E$116,"Subdirección de Exploración",'Cinco Presidentes'!$M$8:$M$116)+SUMIF('Bellota Jujo'!$E$8:$E$48,"Subdirección de Exploración",'Bellota Jujo'!$M$8:$M$48)+SUMIF(Macuspana!$E$8:$E$67,"Subdirección de Exploración",Macuspana!$M$8:$M$67)+SUMIF('Samaria Luna'!$E$8:$E$37,"Subdirección de Exploración",'Samaria Luna'!$M$8:$M$37)+SUMIF(Villahermosa!$E$8:$E$29,"Subdirección de Exploración",Villahermosa!$M$8:$M$29)+SUMIF('Cd. Méx'!$E$8:$E$11,"Subdirección de Exploración",'Cd. Méx'!$M$8:$M$11) -> 180 | E51: =COUNTIF(Altamira!$E$8:$E$12,"Subdirección de Exploración")+COUNTIF('Naranjos-Cerro A'!$E$8:$E$12,"Subdirección de Exploración")+COUNTIF('Poza Rica'!$E$8:$E$25,"Subdirección de Exploración")+COUNTIF(Veracruz!$E$5:$E$10,"Subdirección de Exploración")+COUNTIF('Dos Bocas'!$F$8:$F$10,"Subdirección de Exploración")+COUNTIF('Cd. Carmen'!$E$8:$E$26,"Subdirección de Exploración")+COUNTIF('Cinco Presidentes'!$E$8:$E$11,"Subdirección de Exploración")+COUNTIF('Bellota Jujo'!$E$8:$E$10,"Subdirección de Exploración")+COUNTIF(Macuspana!$E$8:$E$15,"Subdirección de Exploración")+COUNTIF('Samaria Luna'!$E$8:E19,"Subdirección de Exploración")+COUNTIF(Villahermosa!$E$8:$E$12,"Subdirección de Exploración") -> 11 | F51: =SUMIF(Altamira!$E$8:$E$12,"Subdirección de Exploración",Altamira!$M$8:$M$12)+SUMIF('Naranjos-Cerro A'!$E$8:$E$12,"Subdirección de Exploración",'Naranjos-Cerro A'!$M$8:$M$12)+SUMIF('Poza Rica'!$E$8:$E$25,"Subdirección de Exploración",'Poza Rica'!$M$8:$M$25)+SUMIF(Veracruz!$E$5:$E$10,"Subdirección de Exploración",Veracruz!$M$5:$M$10)+SUMIF('Dos Bocas'!$F$8:$F$10,"Subdirección de Exploración",'Dos Bocas'!$Q$8:$Q$10)+SUMIF('Cd. Carmen'!$E$8:$E$26,"Subdirección de Exploración",'Cd. Carmen'!$M$8:$M$26)+SUMIF('Cinco Presidentes'!$E$8:$E$11,"Subdirección de Exploración",'Cinco Presidentes'!$M$8:$M$11)+SUMIF('Bellota Jujo'!$E$8:$E$10,"Subdirección de Exploración",'Bellota Jujo'!$M$8:$M$10)+SUMIF(Macuspana!$E$8:$E$15,"Subdirección de Exploración",Macuspana!$M$8:$M$15)+SUMIF('Samaria Luna'!$E$8:$E$14,"Subdirección de Exploración",'Samaria Luna'!$M$8:$M$14)+SUMIF(Villahermosa!$E$8:$E$12,"Subdirección de Exploración",Villahermosa!$M$8:$M$12) -> 68 | G51: =COUNTIF(Reynosa!$E$8:$E$63,"Subdirección de Exploración")+COUNTIF(Altamira!$E$13:$E$47,"Subdirección de Exploración")+COUNTIF('Naranjos-Cerro A'!$E$13:$E$36,"Subdirección de Exploración")+COUNTIF('Poza Rica'!$E$26:$E$71,"Subdirección de Exploración")+COUNTIF(Veracruz!$E$11:$E$47,"Subdirección de Exploración")+COUNTIF('Dos Bocas'!$F$108:$F$195,"Subdirección de Exploración")+COUNTIF('Cd. Carmen'!$E$27:$E$190,"Subdirección de Exploración")+COUNTIF('Cinco Presidentes'!$E$51:$E$116,"Subdirección de Exploración")+COUNTIF('Bellota Jujo'!$E$21:$E$48,"Subdirección de Exploración")+COUNTIF(Macuspana!$E$47:$E$67,"Subdirección de Exploración")+COUNTIF('Samaria Luna'!$E$17:$E$37,"Subdirección de Exploración")+COUNTIF(Villahermosa!$E$22:$E$29,"Subdirección de Exploración") -> 16 | H51: =SUMIF(Reynosa!$E$8:$E$63,"Subdirección de Exploración",Reynosa!$M$8:$M$63)+SUMIF(Altamira!$E$13:$E$47,"Subdirección de Exploración",Altamira!$M$13:$M$47)+SUMIF('Naranjos-Cerro A'!$E$13:$E$36,"Subdirección de Exploración",'Naranjos-Cerro A'!$M$13:$M$36)+SUMIF('Poza Rica'!$E$26:$E$71,"Subdirección de Exploración",'Poza Rica'!$M$26:$M$71)+SUMIF(Veracruz!$E$11:$E$47,"Subdirección de Exploración",Veracruz!$M$11:$M$47)+SUMIF('Dos Bocas'!$F$108:$F$195,"Subdirección de Exploración",'Dos Bocas'!$Q$108:$Q$195)+SUMIF('Cd. Carmen'!$E$27:$E$190,"Subdirección de Exploración",'Cd. Carmen'!$M$27:$M$190)+SUMIF('Cinco Presidentes'!$E$51:$E$116,"Subdirección de Exploración",'Cinco Presidentes'!$M$51:$M$116)+SUMIF('Bellota Jujo'!$E$21:$E$48,"Subdirección de Exploración",'Bellota Jujo'!$M$21:$M$48)+SUMIF(Macuspana!$E$47:$E$67,"Subdirección de Exploración",Macuspana!$M$47:$M$67)+SUMIF('Samaria Luna'!$E$17:$E$37,"Subdirección de Exploración",'Samaria Luna'!$M$17:$M$37)+SUMIF(Villahermosa!$E$22:$E$29,"Subdirección de Exploración",Villahermosa!$M$22:$M$29) -> 102 | I51: =COUNTIFS(Reynosa!$E$8:$E$63,"Subdirección de Exploración",Reynosa!$Q$8:$Q$63,"1")+COUNTIFS(Altamira!$E$13:$E$47,"Subdirección de Exploración",Altamira!$Q$13:$Q$47,"1")+COUNTIFS('Naranjos-Cerro A'!$E$14:$E$36,"Subdirección de Exploración",'Naranjos-Cerro A'!$Q$14:$Q$36,"1")+COUNTIFS('Poza Rica'!$E$26:$E$71,"Subdirección de Exploración",'Poza Rica'!$Q$26:$Q$71,"1")+COUNTIFS(Veracruz!$E$11:$E$47,"Subdirección de Exploración",Veracruz!$Q$11:$Q$47,"1")+COUNTIFS('Dos Bocas'!$F$108:$F$195,"Subdirección de Exploración",'Dos Bocas'!$U$108:$U$195,"1")+COUNTIFS('Cd. Carmen'!$E$27:$E$190,"Subdirección de Exploración",'Cd. Carmen'!$Q$27:$Q$190,"1")+COUNTIFS('Cinco Presidentes'!$E$51:$E$116,"Subdirección de Exploración",'Cinco Presidentes'!$Q$51:$Q$116,"1")+COUNTIFS('Bellota Jujo'!$E$21:$E$48,"Subdirección de Exploración",'Bellota Jujo'!$Q$21:$Q$48,"1")+COUNTIFS(Macuspana!$E$47:$E$67,"Subdirección de Exploración",Macuspana!$Q$47:$Q$67,"1")+COUNTIFS('Samaria Luna'!$E$17:$E$37,"Subdirección de Exploración",'Samaria Luna'!$Q$17:$Q$37,"1")+COUNTIFS(Villahermosa!$E$22:$E$29,"Subdirección de Exploración",Villahermosa!$Q$22:$Q$29,"1")+COUNTIFS(Sede!$E$8:$E$10,"Subdirección de Exploración",Sede!$Q$8:$Q$10,"1") -> 16 | J51: =SUMIFS('Dos Bocas'!$Q$108:$Q$195,'Dos Bocas'!$F$108:$F$195,"Subdirección de Exploración",'Dos Bocas'!$U$108:$U$195,"1")+SUMIFS(Reynosa!$M$8:$M$63,Reynosa!$E$8:$E$63,"Subdirección de Exploración",Reynosa!$Q$8:$Q$63,"1")+SUMIFS(Altamira!$M$13:$M$47,Altamira!$E$13:$E$47,"Subdirección de Exploración",Altamira!$Q$13:$Q$47,"1")+SUMIFS('Naranjos-Cerro A'!$M$14:$M$36,'Naranjos-Cerro A'!$E$14:$E36,"Subdirección de Exploración",'Naranjos-Cerro A'!$Q$14:$Q$36,"1")+SUMIFS('Poza Rica'!$M$26:$M$71,'Poza Rica'!$E$26:$E$71,"Subdirección de Exploración",'Poza Rica'!$Q$26:$Q$71,"1")+SUMIFS(Veracruz!$M$11:$M$47,Veracruz!$E$11:$E$47,"Subdirección de Exploración",Veracruz!$Q$11:$Q$47,"1")+SUMIFS('Cd. Carmen'!$M$27:$M$190,'Cd. Carmen'!$E$27:$E$190,"Subdirección de Exploración",'Cd. Carmen'!$Q$27:$Q$190,"1")+SUMIFS('Cinco Presidentes'!$M$51:$M$116,'Cinco Presidentes'!$E$51:$E$116,"Subdirección de Exploración",'Cinco Presidentes'!$Q$51:$Q$116,"1")+SUMIFS('Bellota Jujo'!$M$21:$M$48,'Bellota Jujo'!$E$21:$E$48,"Subdirección de Exploración",'Bellota Jujo'!$Q$21:$Q$48,"1")+SUMIFS(Macuspana!$M$47:$M$67,Macuspana!$E$47:$E$67,"Subdirección de Exploración",Macuspana!$Q$47:$Q$67,"1")+SUMIFS('Samaria Luna'!$M$17:$M$37,'Samaria Luna'!$E$17:$E$37,"Subdirección de Exploración",'Samaria Luna'!$Q$17:$Q$37,"1")+SUMIFS(Villahermosa!$M$22:$M$29,Villahermosa!$E$22:$E$29,"Subdirección de Exploración",Villahermosa!$Q$22:$Q$29,"1") -> 102 | K51: =COUNTIFS(Reynosa!$E$8:$E$63,"Subdirección de Exploración",Reynosa!$Q$8:$Q$63,"1",Reynosa!$R$8:$R$63,"Realizado")+COUNTIFS(Altamira!$E$13:$E$47,"Subdirección de Exploración",Altamira!$Q$13:$Q$47,"1",Altamira!$R$13:$R$47,"Realizado")+COUNTIFS('Naranjos-Cerro A'!$E$14:$E$36,"Subdirección de Exploración",'Naranjos-Cerro A'!$Q$14:$Q$36,"1",'Naranjos-Cerro A'!$R$14:$R$36,"Realizado")+COUNTIFS('Poza Rica'!$E$26:$E$71,"Subdirección de Exploración",'Poza Rica'!$Q$26:$Q$71,"1",'Poza Rica'!$R$26:$R$71,"Realizado")+COUNTIFS(Veracruz!$E$11:$E$47,"Subdirección de Exploración",Veracruz!$Q$11:$Q$47,"1",Veracruz!$R$11:$R$47,"Realizado")+COUNTIFS('Dos Bocas'!$F$108:$F$195,"Subdirección de Exploración",'Dos Bocas'!$U$108:$U$195,"1",'Dos Bocas'!$V$108:$V$195,"Realizado")+COUNTIFS('Cd. Carmen'!$E$27:$E$190,"Subdirección de Exploración",'Cd. Carmen'!$Q$27:$Q$190,"1",'Cd. Carmen'!$R$27:$R$190,"Realizado")+COUNTIFS('Cinco Presidentes'!$E$51:$E$116,"Subdirección de Exploración",'Cinco Presidentes'!$Q$51:$Q$116,"1",'Cinco Presidentes'!$R$51:$R$116,"Realizado")+COUNTIFS('Bellota Jujo'!$E$21:$E$48,"Subdirección de Exploración",'Bellota Jujo'!$Q$21:$Q$48,"1",'Bellota Jujo'!$R$21:$R$48,"Realizado")+COUNTIFS(Macuspana!$E$47:$E$67,"Subdirección de Exploración",Macuspana!$Q$47:$Q$67,"1",Macuspana!$R$47:$R$67,"Realizado")+COUNTIFS('Samaria Luna'!$E$17:$E$37,"Subdirección de Exploración",'Samaria Luna'!$Q$17:$Q$37,"1",'Samaria Luna'!$R$17:$R$37,"Realizado")+COUNTIFS(Villahermosa!$E$22:$E$29,"Subdirección de Exploración",Villahermosa!$Q$22:$Q$29,"1",Villahermosa!$R$22:$R$29,"Realizdo")+COUNTIFS(Sede!$E$8:$E$11,"Subdirección de Exploración",Sede!$Q$8:$Q$11,"1",Sede!$R$8:$R$11,"Realizado") -> 0 | L51: =COUNTIF(Adicionales!$E$9:$E$86,"Subdirección de Exploración") -> 0 | M51: =K51+L51 -> 0 | O51: =SUMIF(Adicionales!$E$9:$E$98,"Subdirección de Exploración",Adicionales!$M$9:$M$98) -> 0 | P51: =COUNTIFS(Reynosa!$E$8:$E$63,"Subdirección de Exploración",Reynosa!$Q$8:$Q$63,"1",Reynosa!$R$8:$R$63,"Cancelado")+COUNTIFS(Altamira!$E$13:$E$47,"Subdirección de Exploración",Altamira!$Q$13:$Q$47,"1",Altamira!$R$13:$R$47,"Cancelado")+COUNTIFS('Naranjos-Cerro A'!$E$14:$E$36,"Subdirección de Exploración",'Naranjos-Cerro A'!$Q$14:$Q$36,"1",'Naranjos-Cerro A'!$R$14:$R$36,"Cancelado")+COUNTIFS('Poza Rica'!$E$26:$E$71,"Subdirección de Exploración",'Poza Rica'!$Q$26:$Q$71,"1",'Poza Rica'!$R$26:$R$71,"Cancelado")+COUNTIFS(Veracruz!$E$11:$E$47,"Subdirección de Exploración",Veracruz!$Q$11:$Q$47,"1",Veracruz!$R$11:$R$47,"Cancelado")+COUNTIFS('Dos Bocas'!$F$108:$F$195,"Subdirección de Exploración",'Dos Bocas'!$U$108:$U$195,"1",'Dos Bocas'!$V$108:$V$195,"Cancelado")+COUNTIFS('Cd. Carmen'!$E$27:$E$190,"Subdirección de Exploración",'Cd. Carmen'!$Q$27:$Q$190,"1",'Cd. Carmen'!$R$27:$R$190,"Cancelado")+COUNTIFS('Cinco Presidentes'!$E$51:$E$116,"Subdirección de Exploración",'Cinco Presidentes'!$Q$51:$Q$116,"1",'Cinco Presidentes'!$R$51:$R$116,"Cancelado")+COUNTIFS('Bellota Jujo'!$E$21:$E$48,"Subdirección de Exploración",'Bellota Jujo'!$Q$21:$Q$48,"1",'Bellota Jujo'!$R$21:$R$48,"Cancelado")+COUNTIFS(Macuspana!$E$47:$E$67,"Subdirección de Exploración",Macuspana!$Q$47:$Q$67,"1",Macuspana!$R$47:$R$67,"Cancelado")+COUNTIFS('Samaria Luna'!$E$17:$E$37,"Subdirección de Exploración",'Samaria Luna'!$Q$17:$Q$37,"1",'Samaria Luna'!$R$17:$R$37,"Cancelado")+COUNTIFS(Villahermosa!$E$22:$E$29,"Subdirección de Exploración",Villahermosa!$Q$22:$Q$29,"1",Villahermosa!$R$22:$R$29,"Cancelado")+COUNTIFS(Sede!$E$8:$E$11,"Subdirección de Exploración",Sede!$Q$8:$Q$11,"1",Sede!$R$8:$R$11,"Cancelado") -> 16 | Q51: =IFERROR(M51/(I51+L51), "-") -> 0 | R51: =IFERROR(M51/(G51+L51), "-") -> 0
B52: SEPCA | C52: =COUNTIF(Reynosa!$E$8:$E$63,"Subdirección de Exploración y Producción por Contratos y Asociaciones")+COUNTIF(Altamira!$E$8:$E$47,"Subdirección de Exploración y Producción por Contratos y Asociaciones")+COUNTIF('Naranjos-Cerro A'!$E$8:$E$36,"Subdirección de Exploración y Producción por Contratos y Asociaciones")+COUNTIF('Poza Rica'!$E$8:$E$71,"Subdirección de Exploración y Producción por Contratos y Asociaciones")+COUNTIF(Veracruz!$E$8:$E$47,"Subdirección de Exploración y Producción por Contratos y Asociaciones")+COUNTIF('Dos Bocas'!$F$8:$F$195,"Subdirección de Exploración y Producción por Contratos y Asociaciones")+COUNTIF('Cd. Carmen'!$E$8:$E$190,"Subdirección de Exploración y Producción por Contratos y Asociaciones")+COUNTIF('Cinco Presidentes'!$E$8:$E$116,"Subdirección de Exploración y Producción por Contratos y Asociaciones")+COUNTIF('Bellota Jujo'!$E$8:$E$48,"Subdirección de Exploración y Producción por Contratos y Asociaciones")+COUNTIF(Macuspana!$E$8:$E$67,"Subdirección de Exploración y Producción por Contratos y Asociaciones")+COUNTIF('Samaria Luna'!$E$8:$E$37,"Subdirección de Exploración y Producción por Contratos y Asociaciones")+COUNTIF(Villahermosa!$E$8:$E$29,"Subdirección de Exploración y Producción por Contratos y Asociaciones")+COUNTIF(Sede!E11:E14,"Subdirección de Exploración y Producción por Contratos y Asociaciones")+COUNTIF('Cd. Méx'!$E$8:$E$11,"Subdirección de Exploración y Producción por Contratos y Asociaciones") -> 2 | D52: =SUMIF(Reynosa!$E$8:$E$63,"Subdirección de Exploración y Producción por Contratos y Asociaciones",Reynosa!$M$8:$M$63)+SUMIF(Altamira!$E$8:$E$47,"Subdirección de Exploración y Producción por Contratos y Asociaciones",Altamira!$M$8:$M$47)+SUMIF('Naranjos-Cerro A'!$E$8:$E$36,"Subdirección de Exploración y Producción por Contratos y Asociaciones",'Naranjos-Cerro A'!$M$8:$M$36)+SUMIF('Poza Rica'!$E$8:$E$71,"Subdirección de Exploración y Producción por Contratos y Asociaciones",'Poza Rica'!$M$8:$M$71)+SUMIF(Veracruz!$E$8:$E$47,"Subdirección de Exploración y Producción por Contratos y Asociaciones",Veracruz!$M$8:$M$47)+SUMIF('Dos Bocas'!$F$8:$F$195,"Subdirección de Exploración y Producción por Contratos y Asociaciones",'Dos Bocas'!$N$8:$N$195)+SUMIF('Cd. Carmen'!$E$8:$E$190,"Subdirección de Exploración y Producción por Contratos y Asociaciones",'Cd. Carmen'!$M$8:$M$190)+SUMIF('Cinco Presidentes'!$E$8:$E$116,"Subdirección de Exploración y Producción por Contratos y Asociaciones",'Cinco Presidentes'!$M$8:$M$116)+SUMIF('Bellota Jujo'!$E$8:$E$48,"Subdirección de Exploración y Producción por Contratos y Asociaciones",'Bellota Jujo'!$M$8:$M$48)+SUMIF(Macuspana!$E$8:$E$67,"Subdirección de Exploración y Producción por Contratos y Asociaciones",Macuspana!$M$8:$M$67)+SUMIF('Samaria Luna'!$E$8:$E$37,"Subdirección de Exploración y Producción por Contratos y Asociaciones",'Samaria Luna'!$M$8:$M$37)+SUMIF(Villahermosa!$E$8:$E$29,"Subdirección de Exploración y Producción por Contratos y Asociaciones",Villahermosa!$M$8:$M$29)+SUMIF('Cd. Méx'!$E$8:$E$11,"Subdirección de Exploración y Producción por Contratos y Asociaciones",'Cd. Méx'!$M$8:$M$11) -> 2 | E52: =COUNTIF(Altamira!$E$8:$E$12,"Subdirección de Exploración y Producción por Contratos y Asociaciones")+COUNTIF('Naranjos-Cerro A'!$E$8:$E$12,"Subdirección de Exploración y Producción por Contratos y Asociaciones")+COUNTIF('Poza Rica'!$E$8:$E$25,"Subdirección de Exploración y Producción por Contratos y Asociaciones")+COUNTIF(Veracruz!$E$5:$E$10,"Subdirección de Exploración y Producción por Contratos y Asociaciones")+COUNTIF('Dos Bocas'!$F$8:$F$10,"Subdirección de Exploración y Producción por Contratos y Asociaciones")+COUNTIF('Cd. Carmen'!$E$8:$E$26,"Subdirección de Exploración y Producción por Contratos y Asociaciones")+COUNTIF('Cinco Presidentes'!$E$8:$E$11,"Subdirección de Exploración y Producción por Contratos y Asociaciones")+COUNTIF('Bellota Jujo'!$E$8:$E$10,"Subdirección de Exploración y Producción por Contratos y Asociaciones")+COUNTIF(Macuspana!$E$8:$E$15,"Subdirección de Exploración y Producción por Contratos y Asociaciones")+COUNTIF('Samaria Luna'!$E$8:E18,"Subdirección de Exploración y Producción por Contratos y Asociaciones")+COUNTIF(Villahermosa!$E$8:$E$12,"Subdirección de Exploración y Producción por Contratos y Asociaciones") -> 0 | F52: =SUMIF(Altamira!$E$8:$E$12,"Subdirección de Exploración y Producción por Contratos y Asociaciones",Altamira!$M$8:$M$12)+SUMIF('Naranjos-Cerro A'!$E$8:$E$12,"Subdirección de Exploración y Producción por Contratos y Asociaciones",'Naranjos-Cerro A'!$M$8:$M$12)+SUMIF('Poza Rica'!$E$8:$E$25,"Subdirección de Exploración y Producción por Contratos y Asociaciones",'Poza Rica'!$M$8:$M$25)+SUMIF(Veracruz!$E$5:$E$8,"Subdirección de Exploración y Producción por Contratos y Asociaciones",Veracruz!$M$5:$M$8)+SUMIF('Dos Bocas'!$F$8:$F$107,"Subdirección de Exploración y Producción por Contratos y Asociaciones",'Dos Bocas'!$Q$8:$Q$107)+SUMIF('Cd. Carmen'!$E$8:$E$27,"Subdirección de Exploración y Producción por Contratos y Asociaciones",'Cd. Carmen'!$M$8:$M$27)+SUMIF('Cinco Presidentes'!$E$8:$E$11,"Subdirección de Exploración y Producción por Contratos y Asociaciones",'Cinco Presidentes'!$M$8:$M$11)+SUMIF('Bellota Jujo'!$E$8:$E$10,"Subdirección de Exploración y Producción por Contratos y Asociaciones",'Bellota Jujo'!$M$8:$M$10)+SUMIF(Macuspana!$E$8:$E$15,"Subdirección de Exploración y Producción por Contratos y Asociaciones",Macuspana!$M$8:$M$15)+SUMIF('Samaria Luna'!$E$8:$E$14,"Subdirección de Exploración y Producción por Contratos y Asociaciones",'Samaria Luna'!$M$8:$M$14)+SUMIF(Villahermosa!$E$8:$E$12,"Subdirección de Exploración y Producción por Contratos y Asociaciones",Villahermosa!$M$8:$M$12) -> 0 | G52: =COUNTIF(Reynosa!$E$8:$E$63,"Subdirección de Exploración y Producción por Contratos y Asociaciones")+COUNTIF(Altamira!$E$13:$E$47,"Subdirección de Exploración y Producción por Contratos y Asociaciones")+COUNTIF('Naranjos-Cerro A'!$E$14:$E$36,"Subdirección de Exploración y Producción por Contratos y Asociaciones")+COUNTIF('Poza Rica'!$E$26:$E$71,"Subdirección de Exploración y Producción por Contratos y Asociaciones")+COUNTIF(Veracruz!$E$11:$E$47,"Subdirección de Exploración y Producción por Contratos y Asociaciones")+COUNTIF('Dos Bocas'!$F$108:$F$195,"Subdirección de Exploración y Producción por Contratos y Asociaciones")+COUNTIF('Cd. Carmen'!$E$27:$E$190,"Subdirección de Exploración y Producción por Contratos y Asociaciones")+COUNTIF('Cinco Presidentes'!$E$51:$E$116,"Subdirección de Exploración y Producción por Contratos y Asociaciones")+COUNTIF('Bellota Jujo'!$E$21:$E$48,"Subdirección de Exploración y Producción por Contratos y Asociaciones")+COUNTIF(Macuspana!$E$47:$E$67,"Subdirección de Exploración y Producción por Contratos y Asociaciones")+COUNTIF('Samaria Luna'!$E$17:$E$37,"Subdirección de Exploración y Producción por Contratos y Asociaciones")+COUNTIF(Villahermosa!$E$22:$E$29,"Subdirección de Exploración y Producción por Contratos y Asociaciones") -> 0 | H52: =SUMIF(Reynosa!$E$8:$E$63,"Subdirección de Exploración y Producción por Contratos y Asociaciones",Reynosa!$M$8:$M$63)+SUMIF(Altamira!$E$13:$E$47,"Subdirección de Exploración y Producción por Contratos y Asociaciones",Altamira!$M$13:$M$47)+SUMIF('Naranjos-Cerro A'!$E$14:$E$36,"Subdirección de Exploración y Producción por Contratos y Asociaciones",'Naranjos-Cerro A'!$M$14:$M$36)+SUMIF('Poza Rica'!$E$26:$E$71,"Subdirección de Exploración y Producción por Contratos y Asociaciones",'Poza Rica'!$M$26:$M$71)+SUMIF(Veracruz!$E$11:$E$47,"Subdirección de Exploración y Producción por Contratos y Asociaciones",Veracruz!$M$11:$M$47)+SUMIF('Dos Bocas'!$F$108:$F$195,"Subdirección de Exploración y Producción por Contratos y Asociaciones",'Dos Bocas'!$Q$108:$Q$195)+SUMIF('Cd. Carmen'!$E$27:$E$190,"Subdirección de Exploración y Producción por Contratos y Asociaciones",'Cd. Carmen'!$M$27:$M$190)+SUMIF('Cinco Presidentes'!$E$51:$E$116,"Subdirección de Exploración y Producción por Contratos y Asociaciones",'Cinco Presidentes'!$M$51:$M$116)+SUMIF('Bellota Jujo'!$E$21:$E$48,"Subdirección de Exploración y Producción por Contratos y Asociaciones",'Bellota Jujo'!$M$21:$M$48)+SUMIF(Macuspana!$E$47:$E$67,"Subdirección de Exploración y Producción por Contratos y Asociaciones",Macuspana!$M$47:$M$67)+SUMIF('Samaria Luna'!$E$17:$E$37,"Subdirección de Exploración y Producción por Contratos y Asociaciones",'Samaria Luna'!$M$17:$M$37)+SUMIF(Villahermosa!$E$22:$E$29,"Subdirección de Exploración y Producción por Contratos y Asociaciones",Villahermosa!$M$22:$M$29) -> 0 | I52: =COUNTIFS(Reynosa!$E$8:$E$63,"Subdirección de Exploración y Producción por Contratos y Asociaciones",Reynosa!$Q$8:$Q$63,"1")+COUNTIFS(Altamira!$E$13:$E$47,"Subdirección de Exploración y Producción por Contratos y Asociaciones",Altamira!$Q$13:$Q$47,"1")+COUNTIFS('Naranjos-Cerro A'!$E$14:$E$36,"Subdirección de Exploración y Producción por Contratos y Asociaciones",'Naranjos-Cerro A'!$Q$14:$Q$36,"1")+COUNTIFS('Poza Rica'!$E$26:$E$71,"Subdirección de Exploración y Producción por Contratos y Asociaciones",'Poza Rica'!$Q$26:$Q$71,"1")+COUNTIFS(Veracruz!$E$11:$E$47,"Subdirección de Exploración y Producción por Contratos y Asociaciones",Veracruz!$Q$11:$Q$47,"1")+COUNTIFS('Dos Bocas'!$F$108:$F$195,"Subdirección de Exploración y Producción por Contratos y Asociaciones",'Dos Bocas'!$U$108:$U$195,"1")+COUNTIFS('Cd. Carmen'!$E$28:$E$190,"Subdirección de Exploración y Producción por Contratos y Asociaciones",'Cd. Carmen'!$Q$28:$Q$190,"1")+COUNTIFS('Cinco Presidentes'!$E$51:$E$116,"Subdirección de Exploración y Producción por Contratos y Asociaciones",'Cinco Presidentes'!$Q$51:$Q$116,"1")+COUNTIFS('Bellota Jujo'!$E$21:$E$48,"Subdirección de Exploración y Producción por Contratos y Asociaciones",'Bellota Jujo'!$Q$21:$Q$48,"1")+COUNTIFS(Macuspana!$E$47:$E$67,"Subdirección de Exploración y Producción por Contratos y Asociaciones",Macuspana!$Q$47:$Q$67,"1")+COUNTIFS('Samaria Luna'!$E$17:$E$37,"Subdirección de Exploración y Producción por Contratos y Asociaciones",'Samaria Luna'!$Q$17:$Q$37,"1")+COUNTIFS(Villahermosa!$E$22:$E$29,"Subdirección de Exploración y Producción por Contratos y Asociaciones",Villahermosa!$Q$22:$Q$29,"1") -> 0 | K52: =COUNTIFS(Reynosa!$E$8:$E$63,"Subdirección de Exploración y Producción por Contratos y Asociaciones",Reynosa!$Q$8:$Q$63,"1",Reynosa!$R$8:$R$63,"Realizado")+COUNTIFS(Altamira!$E$13:$E$47,"Subdirección de Exploración y Producción por Contratos y Asociaciones",Altamira!$Q$13:$Q$47,"1",Altamira!$R$13:$R$47,"Realizado")+COUNTIFS('Naranjos-Cerro A'!$E$14:$E$36,"Subdirección de Exploración y Producción por Contratos y Asociaciones",'Naranjos-Cerro A'!$Q$14:$Q$36,"1",'Naranjos-Cerro A'!$R$14:$R$36,"Realizado")+COUNTIFS('Poza Rica'!$E$26:$E$71,"Subdirección de Exploración y Producción por Contratos y Asociaciones",'Poza Rica'!$Q$26:$Q$71,"1",'Poza Rica'!$R$26:$R$71,"Realizado")+COUNTIFS(Veracruz!$E$11:$E$47,"Subdirección de Exploración y Producción por Contratos y Asociaciones",Veracruz!$Q$11:$Q$47,"1",Veracruz!$R$11:$R$47,"Realizado")+COUNTIFS('Dos Bocas'!$F$108:$F$195,"Subdirección de Exploración y Producción por Contratos y Asociaciones",'Dos Bocas'!$U$108:$U$195,"1",'Dos Bocas'!$V$108:$V$195,"Realizado")+COUNTIFS('Cd. Carmen'!$E$27:$E$190,"Subdirección de Exploración y Producción por Contratos y Asociaciones",'Cd. Carmen'!$Q$27:$Q$190,"1",'Cd. Carmen'!$R$27:$R$190,"Realizado")+COUNTIFS('Cinco Presidentes'!$E$51:$E$116,"Subdirección de Exploración y Producción por Contratos y Asociaciones",'Cinco Presidentes'!$Q$51:$Q$116,"1",'Cinco Presidentes'!$R$51:$R$116,"Realizado")+COUNTIFS('Bellota Jujo'!$E$21:$E$48,"Subdirección de Exploración y Producción por Contratos y Asociaciones",'Bellota Jujo'!$Q$21:$Q$48,"1",'Bellota Jujo'!$R$21:$R$48,"Realizado")+COUNTIFS(Macuspana!$E$47:$E$67,"Subdirección de Exploración y Producción por Contratos y Asociaciones",Macuspana!$Q$47:$Q$67,"1",Macuspana!$R$47:$R$67,"Realizado")+COUNTIFS('Samaria Luna'!$E$17:$E$37,"Subdirección de Exploración y Producción por Contratos y Asociaciones",'Samaria Luna'!$Q$17:$Q$37,"1",'Samaria Luna'!$R$17:$R$37,"Realizado")+COUNTIFS(Villahermosa!$E$22:$E$29,"Subdirección de Exploración y Producción por Contratos y Asociaciones",Villahermosa!$Q$22:$Q$29,"1",Villahermosa!$R$22:$R$29,"Realizdo") -> 0 | L52: =COUNTIF(Adicionales!$E$9:$E$86,"Subdirección de Exploración y Producción por Contratos y Asociaciones") -> 0 | M52: =K52+L52 -> 0 | O52: =SUMIF(Adicionales!$E$9:$E$98,"Subdirección de Exploración y Producción por Contratos y Asociaciones",Adicionales!$M$9:$M$98) -> 0 | Q52: =IFERROR(M52/(I52+L52), "-") -> - | R52: =IFERROR(M52/(G52+L52), "-") -> -
B53: SPEE | G53: =C53-E53 -> 0 | H53: =D53-F53 -> 0 | L53: =COUNTIF(Adicionales!$E$9:$E$86,"Subdirección de Proyectos de Exploración y Extracción") -> 0 | M53: =K53+L53 -> 0 | O53: =SUMIF(Adicionales!$E$9:$E$98,"Subdirección de Proyectos de Exploración y Extracción",Adicionales!$M$9:$M$98) -> 0 | Q53: =IFERROR(M53/(I53+L53), "-") -> - | R53: =IFERROR(M53/(G53+L53), "-") -> -
B54: Servicio Médico | L54: =COUNTIF(Adicionales!$E$9:$E$86,"Subdirección de Servicios de Salud") -> 4 | M54: =K54+L54 -> 4 | O54: =SUMIF(Adicionales!$E$9:$E$98,"Subdirección de Servicios de Salud",Adicionales!$M$9:$M$98) -> 52 | Q54: =IFERROR(M54/(I54+L54), "-") -> 1 | R54: =IFERROR(M54/(G54+L54), "-") -> 1
B55: Total | C55: =SUM(C43:C53) -> 946 | D55: =SUM(D43:D53) -> 8696 | E55: =SUM(E43:E53) -> 81 | F55: =SUM(F43:F53) -> 759 | G55: =SUM(G43:G53) -> 673 | H55: =SUM(H43:H53) -> 6868 | I55: =SUM(I43:I54) -> 673 | J55: =SUM(J43:J53) -> 6868 | K55: =SUM(K43:K53) -> 446 | L55: =SUM(L43:L54) -> 80 | M55: =SUM(M43:M54) -> 526 | N55: =SUM(N43:N53) -> 3362 | O55: =SUM(O43:O54) -> 833 | P55: =SUM(P43:P53) -> 244 | Q55: =IFERROR(M55/(I55+L55), "-") -> 0.69853918 | R55: =IFERROR(M55/(G55+L55), "-") -> 0.69853918
N57: =+N15 -> 3496 | P57: =+P15 -> 282
N59: =+N57-N55 -> 134

Sheet Cursos
B4: Cursos | C4: Programado
B5: Basico de Seguridad (BS) | C5: =COUNTIF('Dos Bocas'!$H$108:$H$195,Cursos!B5) -> 8
B6: REVALIDACION BASICO DE SEGURIDAD (BS) | C6: =COUNTIF('Dos Bocas'!$H$108:$H$195,Cursos!B6) -> 7
B7: Rig Pass | C7: =COUNTIF('Dos Bocas'!$H$108:$H$195,Cursos!B7) -> 0
B8: Seguridad en Centros Administrativos (SCA) | C8: =COUNTIF('Dos Bocas'!$H$108:$H$195,Cursos!B8) -> 0
B9: Sobrevivencia en el Mar (SM) | C9: =COUNTIF('Dos Bocas'!$H$108:$H$195,Cursos!B9) -> 0
B10: Seguridad y Sobrevivencia en el Mar para Visitas (SSMV) | C10: =COUNTIF('Dos Bocas'!$H$108:$H$195,Cursos!B10) -> 0
B11: SEGURIDAD Y SOBREVIVENCIA COSTA AFUERA (SSCA) | C11: =COUNTIF('Dos Bocas'!$H$108:$H$195,Cursos!B11) -> 13
B12: Revalidacion SEGURIDAD Y SOBREVIVENCIA COSTA AFUERA (RSSCA) | C12: =COUNTIF('Dos Bocas'!$H$108:$H$195,Cursos!B12) -> 0
B13: Liderazgo en SSPA | C13: =COUNTIF('Dos Bocas'!$H$108:$H$195,Cursos!B13) -> 0
B14: Liderazgo Operativo para la Administración de Riesgos | C14: =COUNTIF('Dos Bocas'!$H$108:$H$195,Cursos!B14) -> 0
B15: Planeacion Segura de los Trabajos | C15: =COUNTIF('Dos Bocas'!$H$108:$H$195,Cursos!B15) -> 0
B16: Procedimientos Criticos (PC) | C16: =COUNTIF('Dos Bocas'!$H$108:$H$195,Cursos!B16) -> 6
... B35: Administracion Ambiental | C35: =COUNTIF('Dos Bocas'!$H$108:$H$195,Cursos!B35) -> 1
C36: =SUM(C5:C35) -> 67

Sheet Mensual
B3: Bos Bocas | C3: junio
A4: 24882 | B4: REACREDITACION DE SIGNATARIOS DEL SPPTR (RSPTR) | C4: 03/06/2021
A5: 24516 | B5: BASICO DE SEGURIDAD (BS) | C5: 10/06/2021
A6: 29376 | B6: SEGURIDAD Y SOBREVIVENCIA COSTA AFUERA (SSCA) | C6: 09/06/2021
A7: 25320 | B7: VERIFICADOR DE GAS (VG) | C7: 15/06/2021
A8: 24517 | B8: BASICO DE SEGURIDAD (BS) | C8: 14/06/2021
A9: 31048 | B9: PROCEDIMIENTOS CRITICOS (PC) | C9: 14/06/2021
A10: 24861 | B10: SALUD EN EL TRABAJO | C10: 14/06/2022
A11: 24739 | B11: SISTEMA DE PERMISOS PARA TRABAJOS CON RIESGO (SPTR) | C11: 14/06/2022
A12: 24608 | B12: RESPUESTA A EMERGENCIAS CON MATERIALES PELIGROSOS (REMP) | C12: 24/06/2021
A13: 24740 | B13: SISTEMA DE PERMISOS PARA TRABAJOS CON RIESGO (SPTR) | C13: 28/06/2021
A14: 24639 | B14: BRIGADAS CONTRAINCENDIOS (BCII) | C14: 30/06/2021
B16: Ciudad del Carmen | C16: Junio
A17: 21482 | B17: REACREDITACION DE SIGNATARIOS DEL SPPTR (RSPTR) | C17: 01/06/2021
A18: 21446 | B18: BASICO DE SEGURIDAD (BS) | C18: 02/06/2021
A19: 21447 | B19: BASICO DE SEGURIDAD (BS) | C19: 08/06/2021
A20: 28026 | B20: SOBREVIVENCIA EN EL MAR (SM) | C20: 08/06/2021
A21: 22169 | B21: BRIGADAS DE BUSQUEDA Y RESCATE (BBR) | C21: 09/06/2021
A22: 24591 | B22: SEGURIDAD Y SOBREVIVENCIA COSTA AFUERA (SSCA) | C22: 10/06/2021
A23: 29681 | B23: DISCIPLINA OPERATIVA | C23: 10/06/2021
A24: 24916 | B24: REVALIDACION DE SEGURIDAD Y SOBREVIVENCIA COSTA AFUERA (RSSCA) | C24: 17/06/2021
A25: 27336 | B25: SISTEMA DE PERMISOS PARA TRABAJOS CON RIESGO (SPTR) | C25: 16/06/2021
A26: 21483 | B26: REACREDITACION DE SIGNATARIOS DEL SPPTR (RSPTR) | C26: 21/06/2021
A27: 27337 | B27: SISTEMA DE PERMISOS PARA TRABAJOS CON RIESGO (SPTR) | C27: 19/06/2021
A28: 24592 | B28: SEGURIDAD Y SOBREVIVENCIA COSTA AFUERA (SSCA) | C28: 24/06/2021
... A31: 21432 | B31: REVALIDACION DE SEGURIDAD Y SOBREVIVENCIA COSTA AFUERA (RSSCA) | C31: 29/06/2021
B33: Perforación | C33: Junio
A34: 29104 | B34: BASICO DE SEGURIDAD (BS) | C34: 01/06/2021
A35: 27999 | B35: PLANEACION SEGURA DE LOS TRABAJOS | C35: 01/06/2021
A36: 28003 | B36: PLANEACION SEGURA DE LOS TRABAJOS | C36: 03/06/2021
A37: 29101 | B37: BASICO DE SEGURIDAD (BS) | C37: 03/06/2021
A38: 30822 | B38: BASICO DE SEGURIDAD (BS) | C38: 03/06/2021
A39: 29238 | B39: BRIGADAS DE PRIMEROS AUXILIOS(BPA) | C39: 05/06/2021
A40: 27973 | B40: MANEJO A LA DEFENSIVA (MD) | C40: 07/06/2021
A41: 27974 | B41: MANEJO A LA DEFENSIVA (MD) | C41: 08/06/2021
A42: 29105 | B42: BASICO DE SEGURIDAD (BS) | C42: 08/06/2021
A43: 28001 | B43: PLANEACION SEGURA DE LOS TRABAJOS | C43: 08/06/2021
A44: 28000 | B44: PLANEACION SEGURA DE LOS TRABAJOS | C44: 10/06/2021
A45: 28002 | B45: PLANEACION SEGURA DE LOS TRABAJOS | C45: 14/06/2021
... A54: 23321 | B54: ADMINISTRACION AMBIENTAL | C54: 28/06/2021
B56: Norte | C56: Junio
A57: Reynosa
A58: 21280 | B58: REACREDITACION DE SIGNATARIOS DEL SPPTR (RSPTR) | C58: 02/06/2021
A59: 24428 | B59: LIDERAZGO EN SSPA | C59: 01/06/2021
A60: 26478 | B60: MANEJO A LA DEFENSIVA (MD) | C60: 04/06/2021
A61: 23243 | B61: REACREDITACION DE SIGNATARIOS DEL SPPTR (RSPTR) | C61: 09/06/2021
A62: Altamira
A63: 26553 | B63: SISTEMA DE PERMISOS PARA TRABAJOS CON RIESGO (SPTR) | C63: 14/06/2021
A64: Naranjos-Cerro Azul
A65: 24391 | B65: BRIGADAS CONTRAINCENDIOS (BCII) | C65: 01/06/2021
A66: 24470 | B66: SEGURIDAD EN CENTROS ADMINISTRACIONS (SCA) | C66: 04/06/2021
A67: 24433 | B67: MANEJO A LA DEFENSIVA (MD) | C67: 18/06/2021
A68: 23730 | B68: SISTEMA DE PERMISOS PARA TRABAJOS CON RIESGO (SPTR) | C68: 28/06/2021
A69: 24396 | B69: BRIGADAS DE BUSQUEDA Y RESCATE (BBR) | C69: 28/06/2021
A70: Poza Rica
A71: 25523 | B71: ENTRENAMIENTO BASICO EN SISTEMA PEMEX SSPA (EB SSPA) | C71: 01/06/2021
A72: 24465 | B72: SEGURIDAD EN CENTROS ADMINISTRACIONS (SCA) | C72: 08/06/2021
A73: 24468 | B73: SEGURIDAD EN CENTROS ADMINISTRACIONS (SCA) | C73: 09/06/2021
A74: 24399 | B74: BRIGADAS DE BUSQUEDA Y RESCATE (BBR) | C74: 07/06/2021
A75: 24380 | B75: BASICO DE SEGURIDAD (BS) | C75: 10/06/2021
A76: 23731 | B76: SISTEMA DE PERMISOS PARA TRABAJOS CON RIESGO (SPTR) | C76: 14/06/2021
A77: 25522 | B77: ENTRENAMIENTO BASICO EN SISTEMA PEMEX SSPA (EB SSPA) | C77: 21/06/2021
A78: 24390 | B78: BRIGADAS CONTRAINCENDIOS (BCII) | C78: 21/06/2021
A79: 21357 | B79: LIDERAZGO OPERATIVO PARA LA ADMINISTRACION DE RIESGOS | C79: 21/06/2021
A80: 25125 | B80: BASICO DE SEGURIDAD (BS) | C80: 23/06/2021
A81: 24394 | B81: BRIGADAS CONTRAINCENDIOS (BCII) | C81: 24/06/2021
A82: Veracruz
A83: 25005 | B83: ACIDO SULFHIDRICO (H2S) | C83: 01/06/2021
A84: 25004 | B84: ACIDO SULFHIDRICO (H2S) | C84: 02/06/2021
A85: 25007 | B85: REACREDITACION DE SIGNATARIOS DEL SPPTR (RSPTR) | C85: 03/06/2021
A86: 23336 | B86: PREVENCION DE RIESGOS LABORALES | C86: 07/06/2021
A87: 23335 | B87: PREVENCION DE RIESGOS LABORALES | C87: 14/06/2021
A88: 24441 | B88: PREVENCION DE RIESGOS LABORALES | C88: 14/06/2021
A89: 24352 | B89: ADMINISTRACION DE EMERGENCIAS MAYORES (AEM) | C89: 16/06/2021
A90: 24379 | B90: BASICO DE SEGURIDAD (BS) | C90: 18/06/2021
B92: Sur
A93: Cinco presidentes | C93: Junio
A94: 23393 | B94: REVALIDACION BASICO DE SEGURIDAD (BS) | C94: 03/06/2021
A95: 25408 | B95: BASICO DE SEGURIDAD (BS) | C95: 03/06/2021
A96: 23389 | B96: REVALIDACION BASICO DE SEGURIDAD (BS) | C96: 10/06/2021
A97: 21765 | B97: BRIGADAS CONTRAINCENDIOS (BCII) | C97: 09/06/2021
A98: 23385 | B98: REVALIDACION BASICO DE SEGURIDAD (BS) | C98: 16/06/2021
A99: Bellota
A100: 23557 | B100: SISTEMA DE PERMISOS PARA TRABAJOS CON RIESGO (SPTR) | C100: 01/06/2021
A101: 22019 | B101: VERIFICADOR DE GAS (VG) | C101: 07/06/2021
A102: 23556 | B102: SISTEMA DE PERMISOS PARA TRABAJOS CON RIESGO (SPTR) | C102: 07/06/2021
A103: 25392 | B103: LIDERAZGO EN SSPA | C103: 10/06/2021
A104: 23558 | B104: SISTEMA DE PERMISOS PARA TRABAJOS CON RIESGO (SPTR) | C104: 14/06/2021
A105: 27736 | B105: BASICO DE SEGURIDAD (BS) | C105: 17/06/2021
A106: 22090 | B106: SISTEMA DE PERMISOS PARA TRABAJOS CON RIESGO (SPTR) | C106: 21/06/2021
A107: Macuspana
A108: 24793 | B108: PROCEDIMIENTOS CRITICOS (PC) | C108: 03/06/2021
A109: 24792 | B109: PROCEDIMIENTOS CRITICOS (PC) | C109: 07/06/2021
A110: 23749 | B110: RESPUESTA A EMERGENCIAS CON MATERIALES PELIGROSOS (REMP) | C110: 10/06/2021
A111: 26244 | B111: BASICO DE SEGURIDAD (BS) | C111: 14/06/2021
A112: 23750 | B112: RESPUESTA A EMERGENCIAS CON MATERIALES PELIGROSOS (REMP) | C112: 14/06/2021
A113: 24348 | B113: BRIGADAS DE BUSQUEDA Y RESCATE (BBR) | C113: 16/06/2021
A114: 26320 | B114: BRIGADAS DE PRIMEROS AUXILIOS(BPA) | C114: 21/06/2021
A115: 25607 | B115: PREVENCION DE RIESGOS LABORALES | C115: 22/06/2021
A116: 23231 | B116: MANEJO A LA DEFENSIVA (MD) | C116: 22/06/2021
...

Sheet Adicionales
F1: Cursos | G1: Capacitandos
E2: Dos Bocas | F2: =COUNTIF(D9:D86,E2) -> 23 | G2: =SUMIF(D9:D74,E2,M9:M86) -> 284
E3: Ciudad del Carmen | F3: =COUNTIF(D9:D86,E3) -> 38 | G3: =SUMIF(D9:D86,E3,M9:M86) -> 398
E4: Sur | F4: =COUNTIF(D9:D109,E4) -> 34 | G4: =SUMIF(D9:D109,E4,M9:M86) -> 310
E5: Norte | F5: =COUNTIF(D9:D86,E5) -> 5 | G5: =SUMIF(D9:D77,E5,M9:M86) -> 42
E6: Perforación | F6: =COUNTIF(D9:D86,E6) -> 1 | G6: =SUMIF(D9:D86,E6,M9:M86) -> 5
A8: Cons | B8: ID_SAP | D8: Cases | E8: Subdirección | F8: Gerencia/Activo | G8: Curso | H8: Tipo de Impartición | I8: Ficha | J8: Instructor | K8: Duración (Horas) | L8: Días | M8: Asistentes Totales | N8: Fecha de Inicio | O8: Fecha de Termino | P8: Observaciones
A9: 1 | B9: 50607931 | D9: Dos Bocas | E9: Subdirección de Servicios de Salud | F9: Dirección Corporativa de Administración | G9: SEGURIDAD Y SOBREVIVENCIA COSTA AFUERA | H9: Presencial | I9: 245435 | J9: Cesar Valencia Viveros | K9: 24 | L9: 3 | M9: 13 | N9: 44257 | O9: 44259
A10: 2 | B10: 50614487 | D10: Dos Bocas | E10: Subdirección de Servicios de Salud | F10: Dirección Corporativa de Administración | G10: SEGURIDAD Y SOBREVIVENCIA COSTA AFUERA | H10: Presencial | I10: 245435 | J10: Cesar Valencia Viveros | K10: 24 | L10: 3 | M10: 13 | N10: 44271 | O10: 44273
A11: 3 | B11: 50608247 | D11: Dos Bocas | E11: Subdirección de Coordinación Operativa y Comercial | F11: Gerencia de Medición y Balances | G11: SEGURIDAD Y SOBREVIVENCIA COSTA AFUERA | H11: Presencial | I11: 245435 | J11: Cesar Valencia Viveros | K11: 24 | L11: 3 | M11: 8 | N11: 44278 | O11: 44280
A12: 4 | D12: Ciudad del Carmen | E12: Subdirección de Producción Región Marina Noreste | F12: Activo de Producción Ku Maloob Zaap | G12: REACREDITACION DE SIGNATARIOS DEL SPPTR | H12: A distancia | I12: 497025 | J12: Jonathan Olguin Castellanos | K12: 8 | L12: 2 | M12: 13 | N12: 44309 | O12: 44310 | P12: Adicional
A13: 5 | B13: 50615599 | D13: Dos Bocas | E13: Subdirección de Administración de Servicios para Exploración y Producción | F13: Gerencia de Servicios de Soporte y Logística Marina | G13: REACREDITACION DE SIGNATARIOS DEL SPPTR | H13: Presencial | K13: 8 | L13: 1 | M13: 10 | N13: 44329 | O13: 44329
A14: 6 | B14: 50609904 | D14: Dos Bocas | E14: Subdirección de Perforación y Mantenimiento de Pozos | F14: GPRPM | G14: SEGURIDAD Y SOBREVIVENCIA COSTA AFUERA | H14: Presencial | K14: 24 | L14: 3 | M14: 14 | N14: 44329 | O14: 44331
A15: 7 | B15: 50615628 | D15: Dos Bocas | E15: Subdirección de Administración de Servicios para Exploración y Producción | F15: Gerencia de Servicios de Soporte y Logística Marina | G15: REACREDITACION DE SIGNATARIOS DEL SPPTR | H15: Presencial | K15: 8 | L15: 1 | M15: 9 | N15: 44330 | O15: 44330
A16: 8 | B16: 50611089 | C16: Tinajas | D16: Perforación | E16: Subdirección de Perforación y Mantenimiento de Pozos | F16: GPRPN | G16: BASICO DE SEGURIDAD (BS) | H16: Presencial | I16: 318824 | J16: David Antonio Amador Castillo | K16: 16 | L16: 2 | M16: 5 | N16: 06-05-2021 | O16: 44323
A17: 11 | C17: Villahermosa | D17: Sur | E17: Subdirección de Seguridad, Salud en el Trabajo y Protección Ambiental | F17: GSSTPARS | G17: INVESTIGACION DE INCIDENTES Y ANALISIS DE CAUSA RAIZ (IIACR) | H17: A distancia | J17: José del Carmen Contreras Cruz | K17: 9 | L17: 3 | M17: 14 | N17: 44320 | O17: 44323
A18: 12 | B18: 50616715 | D18: Ciudad del Carmen | E18: Subdirección de Administración de Servicios para Exploración y Producción | F18: Coordinación de Servicios Marinos y de Mantenimiento, Confiabilidad y Construcción de Infraestructura | G18: SEGURIDAD EN CENTROS ADMINISTRATIVOS | H18: Presencial | I18: 354951 | J18: Raul Armando Garza Torre | K18: 8 | L18: 1 | M18: 11 | N18: 44361 | O18: 44361 | P18: Adicional PEP-DE-SASEP-CSMMCCI-1162-2021
A19: 13 | B19: 50611116 | D19: Ciudad del Carmen | E19: Subdirección de Administración de Servicios para Exploración y Producción | F19: Coordinación de Servicios Marinos y de Mantenimiento, Confiabilidad y Construcción de Infraestructura | G19: SEGURIDAD EN CENTROS ADMINISTRATIVOS | H19: Presencial | I19: 354951 | J19: Raul Armando Garza Torre | K19: 8 | L19: 1 | M19: 11 | N19: 44362 | O19: 44362 | P19: Adicional PEP-DE-SASEP-CSMMCCI-1162-2021
A20: 14 | B20: 50614584 | D20: Ciudad del Carmen | E20: Subdirección de Producción Región Marina Noreste | F20: Activo de Producción Ku Maloob Zaap | H20: A distancia | I20: 458886 | J20: Edgar Mendoza Rodríguez | K20: 8 | L20: 2 | M20: 14 | N20: 44314 | O20: 44315 | P20: Adicional PEP-DG-SPRMNE-AAPKMZ-607-2021
A21: 15 | B21: 50614583 | D21: Ciudad del Carmen | E21: Subdirección de Producción Región Marina Noreste | F21: Activo de Producción Ku Maloob Zaap | H21: A distancia | I21: 458886 | J21: Edgar Mendoza Rodríguez | K21: 8 | L21: 2 | M21: 13 | N21: 44309 | O21: 44310 | P21: Adicional PEP-DG-SPRMNE-AAPKMZ-468-2021
A22: 16 | B22: 50615668 | D22: Ciudad del Carmen | E22: Subdirección de Administración de Servicios para Exploración y Producción | F22: Gerencia de Servicios de Soporte y Logítica Marina | H22: Presencial | I22: 374253 | J22: Eduardo González Rodríguez | K22: 16 | L22: 2 | M22: 8 | N22: 44357 | O22: 44358 | P22: Adicional PEP-DG-SASEP-GSSLM-324-2021
A23: 17 | B23: 50616719 | D23: Ciudad del Carmen | E23: Subdirección de Administración de Servicios para Exploración y Producción | F23: Coordinación de Servicios Marinos y de Mantenimiento, Confiabilidad y Construcción de Infraestructura | G23: SEGURIDAD EN CENTROS ADMINISTRACIONS (SCA) | H23: Presencial | I23: 354951 | J23: Raul Armando Garza Torre | K23: 8 | L23: 1 | M23: 11 | N23: 44377 | O23: 44377 | P23: Adicional PEP-DE-SASEP-CSMMCCI-1162-2021
A24: 18 | D24: Ciudad del Carmen | E24: Subdirección de Administración de Servicios para Exploración y Producción | F24: Coordinación de Servicios Marinos y de Mantenimiento, Confiabilidad y Construcción de Infraestructura | G24: SEGURIDAD EN CENTROS ADMINISTRACIONS (SCA) | H24: Presencial | I24: 354951 | J24: Raul Armando Garza Torre | K24: 8 | L24: 1 | M24: 10 | N24: 44375 | O24: 44375 | P24: Adicional PEP-DE-SASEP-CSMMCCI-1162-2021
A25: 19 | B25: 50615665 | D25: Ciudad del Carmen | E25: Subdirección de Administración de Servicios para Exploración y Producción | F25: Gerencia de Servicios de Soporte y Logítica Marina | G25: DISCIPLINA OPERATIVA | H25: Presencial | I25: 510745 | J25: César Iván Chulines Granados | K25: 16 | L25: 2 | M25: 3 | N25: 44389 | O25: 44390 | P25: Adicional PEP-DG-SASEP-GSSLM-324-2021
A26: 20 | B26: 50617742 | C26: Agua Dulce | D26: Sur | E26: Subdirección de Producción Región Sur | F26: APCP | G26: Capacitación Integral Normas Oficiales Mexicanas | H26: Presencial | M26: 9 | P26: Capacitación Integral Normas Oficiales Mexicanas
A27: 21 | D27: Ciudad del Carmen | E27: Subdirección de Administración de Servicios para Exploración y Producción | F27: Gerencia de Servicios de Soporte y Logística Marina | G27: BASICO DE SEGURIDAD | H27: Presencial | I27: 458886 | J27: Edgar Mendoza Rodríguez | N27: 44435 | O27: 44436 | P27: Adicional PEP-DG-SASEP-GSSLM-324-2021
A28: 22 | B28: 50615663 | D28: Ciudad del Carmen | E28: Subdirección de Administración de Servicios para Exploración y Producción | F28: Gerencia de Servicios de Soporte y Logítica Marina | G28: ADMINISTRACION DE EMERGENCIAS MAYORES | H28: Presencial | I28: 361756 | J28: Elio Méndez Damasco | K28: 16 | L28: 2 | M28: 9 | N28: 44438 | O28: 44439 | P28: Adicional
A29: 23 | B29: 50616452 | D29: Dos Bocas | E29: Subdirección de Producción Región Marina Suroeste | F29: APAPCH | G29: REACREDITACION DE SIGNATARIOS DEL SPPTR | H29: A distancia | I29: 458886 | J29: Edgar Mendoza Rodríguez | K29: 8 | L29: 2 | M29: 16 | N29: 44346 | O29: 44347
A30: 24 | B30: 50616453 | D30: Dos Bocas | E30: Subdirección de Producción Región Marina Suroeste | F30: APAPCH | G30: REACREDITACION DE SIGNATARIOS DEL SPPTR | H30: A distancia | I30: 174690 | J30: Luis Antonio Ibañez Narvaez | K30: 8 | L30: 2 | M30: 15 | N30: 44346 | O30: 44347
A31: 25 | B31: 50617216 | D31: Dos Bocas | E31: Subdirección de Producción Región Marina Suroeste | F31: APAPCH | G31: REACREDITACION DE SIGNATARIOS DEL SPPTR | H31: A distancia | I31: 458886 | J31: Edgar Mendoza Rodríguez | K31: 8 | L31: 2 | M31: 11 | N31: 44360 | O31: 44361
A32: 26 | B32: 50617217 | D32: Dos Bocas | E32: Subdirección de Producción Región Marina Suroeste | F32: APAPCH | G32: REACREDITACION DE SIGNATARIOS DEL SPPTR | H32: A distancia | I32: 370733 | J32: José Guadalupe Resendiz Robles | K32: 8 | L32: 2 | M32: 9 | N32: 44360 | O32: 44361
A33: 27 | B33: 50617218 | D33: Dos Bocas | E33: Subdirección de Producción Región Marina Suroeste | F33: APAPCH | G33: REACREDITACION DE SIGNATARIOS DEL SPPTR | H33: A distancia | I33: 458886 | J33: Edgar Mendoza Rodríguez | K33: 8 | L33: 2 | M33: 16 | N33: 44374 | O33: 44405
A34: 28 | B34: 50617219 | D34: Dos Bocas | E34: Subdirección de Producción Región Marina Suroeste | F34: APAPCH | G34: REACREDITACION DE SIGNATARIOS DEL SPPTR | H34: A distancia | I34: 370733 | J34: José Guadalupe Resendiz Robles | K34: 8 | L34: 2 | M34: 16 | N34: 44374 | O34: 44405
A35: 29 | B35: 50618292 | D35: Dos Bocas | E35: Subdirección de Producción Región Marina Suroeste | F35: APAPCH | G35: REACREDITACION DE SIGNATARIOS DEL SPPTR | H35: A distancia | I35: 370733 | J35: José Guadalupe Resendiz Robles | K35: 8 | L35: 2 | M35: 10 | N35: 44388 | O35: 44389
A36: 30 | B36: 50618293 | D36: Dos Bocas | E36: Subdirección de Producción Región Marina Suroeste | F36: APAPCH | G36: REACREDITACION DE SIGNATARIOS DEL SPPTR | H36: A distancia | I36: 174690 | J36: Luis Antonio Ibañez Narvaez | K36: 8 | L36: 2 | M36: 18 | N36: 44388 | O36: 44389
A37: 31 | B37: 50618294 | D37: Dos Bocas | E37: Subdirección de Producción Región Marina Suroeste | F37: APAPCH | G37: REACREDITACION DE SIGNATARIOS DEL SPPTR | H37: A distancia | I37: 370733 | J37: José Guadalupe Resendiz Robles | K37: 8 | L37: 2 | M37: 13 | N37: 44402 | O37: 44403
A38: 32 | B38: 50618295 | D38: Dos Bocas | E38: Subdirección de Producción Región Marina Suroeste | F38: APAPCH | G38: REACREDITACION DE SIGNATARIOS DEL SPPTR | H38: A distancia | I38: 174690 | J38: Luis Antonio Ibañez Narvaez | K38: 8 | L38: 2 | M38: 9 | N38: 44402 | O38: 44403
A39: 33 | B39: 50618296 | D39: Dos Bocas | E39: Subdirección de Producción Región Marina Suroeste | F39: APAPCH | G39: REACREDITACION DE SIGNATARIOS DEL SPPTR | H39: A distancia | I39: 370733 | J39: José Guadalupe Resendiz Robles | K39: 8 | L39: 2 | M39: 14 | N39: 44416 | O39: 44417
A40: 31 | B40: 50618297 | D40: Dos Bocas | E40: Subdirección de Producción Región Marina Suroeste | F40: APAPCH | G40: REACREDITACION DE SIGNATARIOS DEL SPPTR | H40: A distancia | I40: 174690 | J40: Luis Antonio Ibañez Narvaez | K40: 8 | L40: 2 | M40: 12 | N40: 44416 | O40: 44417
... A45: 38 | B45: 50609083 | D45: dos Bocas | E45: Subdirección de Seguridad, Salud en el Trabajo y Protección Ambiental | F45: Gerencia de seguridad, salud en el Trabajo, Proteccion ambiental perforacion | G45: INVESTIGACION DE INCIDENTES Y ANALISIS DE CAUSA RAIZ | H45: Presencial | I45: 322115 | J45: eduardo Moheno Torres | K45: 16 | L45: 2 | M45: 10 | N45: 44466 | O45: 44467
A46: 39 | B46: 50621994 | D46: Ciudad del Carmen | E46: Subdirección de Servicios de Salud | F46: Gerencia de Servicios de Salud | G46: Básico de Seguridad en Plataformas y Barcazas | H46: Presencial | I46: 354951 | J46: Raúl Armando Garza Torre | K46: 24 | L46: 3 | M46: 13 | N46: 44481 | O46: 44483 | P46: Adicional
A47: 40 | B47: 50615670 | D47: ciudad del Carmen | E47: Subdirección de Administración de Servicios para Exploración y Producción | F47: Coordinación de Servicios Marinos y de Mantenimiento, Confiabilidad y Construcción de Infraestructura | G47: REVALIDACION BASICO DE SEGURIDAD | H47: Presencial | I47: 458886 | J47: Edgar Mendoza Rodríguez | K47: 8 | L47: 1 | M47: 7 | N47: 44484 | O47: 44484 | P47: Adicional
A48: 41 | B48: 50615668 | D48: Ciudad del Carmen | E48: Subdirección de Administración de Servicios para Exploración y Producción | F48: Gerencia de Servicios de Soporte y Logística Marina | G48: PREVENCION DE RIESGOS LABORALES | H48: Presencial | I48: 374253 | J48: Eduardo González Rodríguez | K48: 16 | L48: 2 | M48: 11 | N48: 44357 | O48: 44358 | P48: Adicional
A49: 42 | B49: 50615662 | D49: cIUdad del Carmen | E49: Subdirección de Administración de Servicios para Exploración y Producción | F49: GEREncia de Servicios de Soporte y Logítica Marina | G49: ADMINISTRACION DE RIESGOS EN PEMEX EXPLORACION Y PRODUCCION | H49: Presencial | I49: 374253 | J49: EDuardo González Rodríguez | K49: 16 | L49: 2 | M49: 6 | N49: 44368 | O49: 44369 | P49: adicional
A50: 43 | B50: 50616717 | D50: cIudad del Carmen | E50: sUbdirección de Administración de Servicios para Exploración y Producción | F50: CSMMCCI | G50: SEGURIDAD EN CENTROS ADMINISTRATIVOS | H50: Presencial | I50: 354951 | J50: Raúl Armando Garza Torre | K50: 8 | L50: 1 | M50: 11 | N50: 44370 | O50: 44370 | P50: Adicional
A51: 44 | B51: 50616718 | D51: ciudad del Carmen | E51: sUbdirección de Administración de Servicios para Exploración y Producción | F51: CSMMCCI | G51: SEGURIDAD EN CENTROS ADMINISTRATIVOS | H51: Presencial | I51: 354951 | J51: Raúl Armando Garza Torre | K51: 8 | L51: 1 | M51: 10 | N51: 44375 | O51: 44375 | P51: adicional
A52: 45 | B52: 50616720 | D52: Ciudad del Carmen | E52: SUBdirección de Administración de Servicios para Exploración y Producción | F52: CSMMCCI | G52: SEGURIDAD EN CENTROS ADMINISTRATIVOS | H52: Presencial | I52: 374253 | J52: Eduardo González Rodríguez | K52: 8 | L52: 1 | M52: 12 | N52: 44352 | O52: 44352 | P52: adicional
A53: 46 | B53: 50616721 | D53: Ciudad del Carmen | E53: Subdirección de Administración de Servicios para Exploración y Producción | F53: CSMMCCI | G53: SEGURIDAD EN CENTROS ADMINISTRATIVOS | H53: Presencial | I53: 354951 | J53: Raúl Armando Garza Torre | K53: 8 | L53: 1 | M53: 12 | N53: 44383 | O53: 44383 | P53: Adicional
A54: 47 | B54: 50615669 | D54: Ciudad del Carmen | E54: Subdirección de Administración de Servicios para Exploración y Producción | F54: Gerencia de Servicios de Soporte y Logística Marina | G54: BÁSICO DE SEGURIDAD | H54: Presencial | I54: 458886 | J54: Edgar Mendoza Rodríguez | K54: 16 | L54: 2 | M54: 9 | N54: 44434 | O54: 44435 | P54: adicional
A55: 48 | B55: 50621380 | D55: Ciudad del Carmen | E55: subdirección de Perforación y Mantenimiento de Pozos | F55: Gerencia de Perforación y Reparación de Pozos Marina | G55: BÁSico de Seguridad en Plataformas y Barcazas | H55: Presencial | I55: 491912 | J55: José Atahualpa Días Núñez | K55: 24 | L55: 3 | M55: 13 | N55: 44467 | O55: 44469 | P55: Adicional
A56: 49 | B56: 50621381 | D56: ciudad del Carmen | E56: subdirección de Perforación y Mantenimiento de Pozos | F56: Gerencia de Perforación y Reparación de Pozos Marina | G56: Básico de Seguridad en Plataformas y Barcazas | H56: Presencial | I56: 411339 | J56: Carlos Alfredo Ramírez Barrenechea | K56: 24 | L56: 3 | M56: 11 | N56: 44488 | O56: 44490 | P56: Adicional
A57: 50 | B57: 50609477 | D57: Ciudad del Carmen | E57: Subdirección de Administración de Servicios para Exploración y Producción | F57: Gerencia de Servicios de Soporte y Logística Marina | G57: REACREDITACION DE SIGNATARIOS DEL SPPTR | H57: Presencial | I57: 458886 | J57: Edgar Mendoza Rodríguez | K57: 8 | L57: 1 | M57: 8 | N57: 44498 | O57: 44498 | P57: Adicional
... A60: 53 | B60: 50623737 | D60: Ciudad del Carmen | E60: Subdirección de Perforación y Mantenimiento de Pozos | F60: Gerencia de Perforación y Reparación de Pozos Marina | G60: Básico de Seguridad en Plataformas y Barcazas | H60: presencial | I60: 329117 | J60: Daniel Diamantis González Pérez | K60: 24 | L60: 3 | M60: 11 | N60: 44502 | O60: 44504 | P60: Adicional
A61: 54 | B61: 50623419 | C61: Reforma | D61: Sur | E61: Subdirección de Seguridad, Salud en el Trabajo y Protección Ambiental | F61: GSSTPARS | G61: Reacreditación de Signatarios del SPTR | H61: presencial | J61: Maria Irene Cruz Magana | K61: 8 | L61: 1 | M61: 6 | N61: 44496 | O61: 44496 | P61: Adicional
A62: 55 | B62: 50623419 | C62: Reforma | D62: Sur | E62: Subdirección de Seguridad, Salud en el Trabajo y Protección Ambiental | F62: GSSTPARS | G62: Reacreditación de Signatarios del SPTR | H62: presencial | J62: Maria Irene Cruz Magana | K62: 8 | L62: 1 | M62: 6 | N62: 44498 | O62: 44498 | P62: Adicional
A63: 56 | B63: 50611845 | C63: El Castaño | D63: Sur | E63: Subdirección de Seguridad, Salud en el Trabajo y Protección Ambiental | F63: GSSTPARS | G63: SISTEMA DE PERMISOS PARA TRABAJOS CON RIESGO (SPTR) | H63: presencial | J63: Maximilano | K63: 24 | L63: 3 | M63: 9 | N63: 44342 | O63: 44344
A64: 57 | B64: 50617743 | C64: Agua Dulce | D64: Sur | E64: Subdirección de Producción Región Sur | F64: APCP | G64: Capacitación Integral Normas Oficiales Mexicanas | H64: Presencial | I64: 510960 | J64: ROONY JOANATHAN QUEVEDO LOPEZ | K64: 40 | L64: 5 | M64: 6 | N64: 44487 | O64: 44491 | P64: Capacitación Integral Normas Oficiales Mexicanas
A65: 58 | B65: 50610194 | C65: El Castaño | D65: Sur | E65: Subdirección de Producción Región Sur | F65: APBJ | G65: Entrenamiento Básico en SSPA | H65: Presencial | J65: Maximilano | K65: 16 | L65: 2 | M65: 8 | N65: 44536 | O65: 44537
A66: 59 | B66: 50617742 | C66: Agua Dulce | D66: Sur | E66: Subdirección de Producción Región Sur | F66: APCP | G66: Capacitación Integral Normas Oficiales Mexicanas | H66: Presencial | I66: 510960 | J66: ROONY JOANATHAN QUEVEDO LOPEZ | K66: 40 | L66: 5 | M66: 6 | N66: 44375 | O66: 44379 | P66: Capacitación Integral Normas Oficiales Mexicanas
A67: 60 | B67: 50625343 | C67: Agua Dulce | D67: Sur | E67: Subdirección de Producción Región Sur | F67: APCP | G67: SISTEMA DE PERMISOS PARA TRABAJOS CON RIESGO (SPTR) | H67: Presencial | I67: 510960 | J67: ROONY JOANATHAN QUEVEDO LOPEZ | K67: 24 | L67: 3 | M67: 11 | N67: 44531 | O67: 44533
A68: 61 | B68: 50607817 | C68: Agua Dulce | D68: Sur | E68: Subdirección de Producción Región Sur | F68: APCP | G68: SIST BOM HOR OPER MANTO RUT PIA 5 PRES | H68: Presencial | J68: Externo | K68: 40 | L68: 5 | M68: 20 | N68: 44242 | O68: 44246
A69: 62 | B69: 50625739 | C69: Reynosa | D69: Norte | E69: Subdirección de Seguridad, Salud en el Trabajo y Protección Ambiental | F69: Gerencia de Seguridad, Salud en el Trabajo y Protección Ambiental Región Norte | G69: BRIGADAS DE PRIMEROS AUXILIOS(BPA) | H69: PRESENCIAL | J69: HECTOR RUIZ MARQUEZ | K69: 16 | L69: 2 | M69: 8 | N69: 44539 | O69: 44540 | P69: EVENTO ADICIONAL EXTERNO SCI Operativo S. de R.L. de C.V.
A70: 63 | B70: 50625737 | C70: Reynosa | D70: Norte | E70: Subdirección de Seguridad, Salud en el Trabajo y Protección Ambiental | F70: Gerencia de Seguridad, Salud en el Trabajo y Protección Ambiental Región Norte | G70: BRIGADAS DE BUSQUEDA Y RESCATE | H70: PRESENCIAL | J70: HECTOR RUIZ MARQUEZ | K70: 16 | L70: 2 | M70: 7 | N70: 44543 | O70: 44544 | P70: EVENTO ADICIONAL EXTERNO SCI Operativo S. de R.L. de C.V.
A71: 64 | B71: 50625738 | C71: Reynosa | D71: Norte | E71: Subdirección de Seguridad, Salud en el Trabajo y Protección Ambiental | F71: Gerencia de Seguridad, Salud en el Trabajo y Protección Ambiental Región Norte | G71: BRIGADAS CONTRAINCENDIOS (BCII) | H71: PRESENCIAL | J71: HECTOR RUIZ MARQUEZ | K71: 16 | L71: 2 | M71: 5 | N71: 44545 | O71: 44546 | P71: EVENTO ADICIONAL EXTERNO SCI Operativo S. de R.L. de C.V.
A72: 65 | B72: 50625971 | C72: Reynosa | D72: Norte | E72: Subdirección de Seguridad, Salud en el Trabajo y Protección Ambiental | F72: Gerencia de Seguridad, Salud en el Trabajo y Protección Ambiental Región Norte | G72: REACREDITACION DE SIGNATARIOS DEL SPPTR (RSPTR) | H72: PRESENCIAL | I72: 196157 | J72: LUCIO ALFONSO POSADAS RAMIREZ | K72: 8 | L72: 1 | M72: 5 | N72: 44539 | O72: 44539 | P72: EVENTO ADICIONAL INTERNO
A73: 66 | C73: Reynosa | D73: Norte | E73: Subdirección de Producción Región Norte | F73: Activo de Producción Reynosa | G73: REACREDITACION DE SIGNATARIOS DEL SPPTR (RSPTR) | H73: PRESENCIAL | I73: 196157 | J73: LUCIO ALFONSO POSADAS RAMIREZ | K73: 8 | L73: 1 | M73: 17 | N73: 44538 | O73: 44538 | P73: EVENTO ADICIONAL INTERNO
A74: 67 | C74: Cunduacán | D74: Sur | E74: Subdirección de Producción Región Sur | F74: APSL | G74: BASICO DE SEGURIDAD (BS) | H74: PRESENCIAL | I74: 514091 | J74: Marcos Quevedo Magaña | K74: 16 | L74: 2 | M74: 9 | N74: 44536 | O74: 44537 | P74: Curso adicional
A75: 68 | B75: 50609497 | D75: Ciudad del Carmen | E75: Subdirección de Administración de Servicios para Exploración y Producción | F75: Gerencia de Servicios de Soporte y Logística Marina | G75: Reacreditación de Signatarios del SPTR | H75: Presencial | I75: 510745 | J75: César Iván Chulines Granados | K75: 8 | L75: 1 | M75: 11 | N75: 44516 | O75: 44516
A76: 69 | B76: 50609491 | D76: Ciudad del Carmen | E76: Subdirección de Administración de Servicios para Exploración y Producción | F76: Gerencia de Servicios de Soporte y Logística Marina | G76: SISTEMA DE PERMISOS PARA TRABAJOS CON RIESGO (SPTR) | H76: Presencial | I76: 374253 | J76: Eduardo González Rodríguez | K76: 24 | L76: 3 | M76: 11 | N76: 44516 | O76: 44518
A77: 70 | B77: 50609499 | D77: Ciudad del Carmen | E77: Subdirección de Administración de Servicios para Exploración y Producción | F77: Gerencia de Servicios de Soporte y Logística Marina | G77: Reacreditación de Signatarios del SPTR | H77: Presencial | I77: 374253 | J77: Eduardo González Rodríguez | K77: 8 | L77: 1 | M77: 11 | N77: 44525 | O77: 44525
A78: 71 | B78: 50609540 | D78: Ciudad del Carmen | E78: Subdirección de Administración de Servicios para Exploración y Producción | F78: Gerencia de Servicios de Soporte y Logística Marina | G78: Reacreditación de Signatarios del SPTR | H78: Presencial | I78: 374253 | J78: Eduardo González Rodríguez | K78: 8 | L78: 1 | M78: 9 | N78: 44544 | O78: 44544
A79: 72 | B79: 50624511 | D79: Ciudad del Carmen | E79: Subdirección de Perforación y Mantenimiento de Pozos | F79: Gerencia de Perforación y Reparación de Pozos Marina | G79: Básico de Seguridad en Plataformas y Barcazas | H79: Presencial | I79: 491912 | J79: José Atahualpa Días Núñez | K79: 24 | L79: 3 | M79: 12 | N79: 44516 | O79: 44518
A80: 73 | B80: 50624935 | D80: Ciudad del Carmen | E80: Subdirección de Perforación y Mantenimiento de Pozos | F80: Gerencia de Perforación y Reparación de Pozos Marina | G80: Básico de Seguridad en Plataformas y Barcazas | H80: Presencial | I80: 491912 | J80: José Atahualpa Días Núñez | K80: 24 | L80: 3 | M80: 8 | N80: 44523 | O80: 44525
A81: 74 | B81: 50609338 | D81: Ciudad del Carmen | E81: Subdirección de Perforación y Mantenimiento de Pozos | F81: Gerencia de Perforación y Reparación de Pozos Marina | G81: Básico de Seguridad en Plataformas y Barcazas | H81: Presencial | J81: Elí Solís González | K81: 24 | L81: 3 | M81: 10 | N81: 44525 | O81: 44527
A82: 75 | B82: 50625212 | D82: Ciudad del Carmen | E82: Subdirección de Perforación y Mantenimiento de Pozos | F82: Gerencia de Perforación y Reparación de Pozos Marina | G82: Básico de Seguridad en Plataformas y Barcazas | H82: Presencial | I82: 329117 | J82: Daniel Diamantis González Pérez | K82: 24 | L82: 3 | M82: 9 | N82: 44530 | O82: 44532
A83: 76 | B83: 50625740 | D83: Ciudad del Carmen | E83: Subdirección de Perforación y Mantenimiento de Pozos | F83: Gerencia de Perforación y Reparación de Pozos Marina | G83: Básico de Seguridad en Plataformas y Barcazas | H83: Presencial | I83: 411339 | J83: Carlos Alfredo Ramírez Barrenechea | K83: 24 | L83: 3 | M83: 13 | N83: 44544 | O83: 44546
A84: 77 | B84: N/A | D84: Ciudad del Carmen | E84: Subdirección de Seguridad, Salud en el Trabajo y Protección Ambiental | F84: Gerencia de seguridad, salud en el Trabajo, Proteccion ambiental perforacion | H84: Presencial | J84: César Iván Chulines Granados | K84: 16 | L84: 2 | M84: 28 | N84: 44522 | O84: 44523
A85: 78 | B85: 50610886 | D85: Ciudad del Carmen | E85: Subdirección de Seguridad, Salud en el Trabajo y Protección Ambiental | F85: Gerencia de Seguridad, Salud en el Trabajo y Pretección Ambiental Región Marina | G85: Motobombas Contraincendio | H85: Presencial | J85: Luis Alejandro Oerega Moreno | K85: 24 | L85: 3 | M85: 11 | N85: 44538 | O85: 44540
A86: 79 | B86: 50626137 | D86: ciudad del Carmen | E86: Subdirección de Servicios de Salud | F86: Gerencia de Servicios Médicos | G86: Básico de Seguridad en Plataformas y Barcazas | H86: Presencial | I86: 354951 | J86: Raúl Armando Garza Torre | K86: 24 | L86: 3 | M86: 13 | N86: 44551 | O86: 44553
A87: 80 | B87: 50611942 | C87: Agua Dulce | D87: Sur | E87: Subdirección de Producción Región Sur | F87: APCP | G87: BASICO DE SEGURIDAD (BS) | H87: PRESENCIAL | J87: Alexander | K87: 16 | L87: 2 | M87: 9 | N87: 44504 | O87: 44505
A88: 81 | B88: 50623419 | C88: Reforma | D88: Sur | E88: Subdirección de Seguridad, Salud en el Trabajo y Protección Ambiental | F88: GSSTPARS | G88: REACREDITACION DE SIGNATARIOS DEL SPPTR | H88: PRESENCIAL | J88: Maria Irene Cruz Magana | K88: 8 | L88: 1 | M88: 6 | N88: 44498 | O88: 44498
B89: 50610329 | C89: COMALCALCO, TABASCO | D89: Sur | E89: Subdirección de Producción Región Sur | F89: APBJ | G89: SISTEMA DE PERMISOS P TRABAJOS RIESGO | H89: PRESENCIAL | I89: 395269 | J89: JIMENEZ MARTINEZ MAXIMILIANO | K89: 3 | L89: 24 | M89: 8 | N89: 44531 | O89: 44533
B90: 50610413 | C90: COMALCALCO, TABASCO | D90: Sur | E90: Subdirección de Producción Región Sur | F90: APBJ | G90: BRIGADAS CONTRAINCENDIOS (BCII) | H90: PRESENCIAL | I90: 395269 | J90: JIMENEZ MARTINEZ MAXIMILIANO | K90: 3 | L90: 24 | M90: 7 | N90: 44545 | O90: 44547
B91: 50610887 | C91: AGUA DULCE, VERACRUZ | D91: Sur | E91: Subdirección de Producción Región Sur | F91: APCP | G91: LIDERAZGO EN SSPA | H91: PRESENCIAL | I91: 375253 | J91: MARTINEZ RODRIGUEZ ERNESTO XICOTENCATL U | K91: 2 | L91: 16 | M91: 12 | N91: 44490 | O91: 44491
B92: 50611170 | C92: CHIAPAS | D92: Sur | E92: Subdirección de Producción Región Sur | F92: APMM | G92: BASICO DE SEGURIDAD (BS) | H92: PRESENCIAL | I92: 331066 | J92: FLORES MARQUEZ RAYMUNDO | K92: 2 | L92: 16 | M92: 5 | N92: 44510 | O92: 44511
B93: 50611301 | C93: CHIAPAS | D93: Sur | E93: Subdirección de Producción Región Sur | F93: APMM | G93: BASICO DE SEGURIDAD (BS) | H93: PRESENCIAL | I93: 331066 | J93: FLORES MARQUEZ RAYMUNDO | K93: 2 | L93: 16 | M93: 7 | N93: 44517 | O93: 44518
B94: 50611564 | C94: CHIAPAS | D94: Sur | E94: Subdirección de Producción Región Sur | F94: APMM | G94: BASICO DE SEGURIDAD (BS) | H94: PRESENCIAL | I94: 331066 | J94: FLORES MARQUEZ RAYMUNDO | K94: 2 | L94: 16 | M94: 6 | N94: 44531 | O94: 44532
B95: 50611577 | C95: CHIAPAS | D95: Sur | E95: Subdirección de Producción Región Sur | F95: APMM | G95: REACREDITACION DE SIGNATARIOS SPPTR | H95: PRESENCIAL | I95: 675132 | J95: ROMERO VICTORINO JUAN ARTURO | K95: 1 | L95: 8 | M95: 11 | N95: 44523 | O95: 44523
B96: 50611609 | C96: AGUA DULCE, VERACRUZ | D96: Sur | E96: Subdirección de Producción Región Sur | F96: APCP | G96: BASICO DE SEGURIDAD (BS) | H96: PRESENCIAL | I96: 375253 | J96: MARTINEZ RODRIGUEZ ERNESTO XICOTENCATL U | K96: 2 | L96: 16 | M96: 8 | N96: 44537 | O96: 44538
B97: 50611686 | C97: CHIAPAS | D97: Sur | E97: Subdirección de Producción Región Sur | F97: APMM | G97: REACREDITACION DE SIGNATARIOS SPPTR | H97: PRESENCIAL | I97: 675132 | J97: ROMERO VICTORINO JUAN ARTURO | K97: 1 | L97: 8 | M97: 11 | N97: 44524 | O97: 44524
B98: 50611688 | C98: CHIAPAS | D98: Sur | E98: Subdirección de Producción Región Sur | F98: APMM | G98: REACREDITACION DE SIGNATARIOS SPPTR | H98: PRESENCIAL | I98: 675132 | J98: ROMERO VICTORINO JUAN ARTURO | K98: 1 | L98: 8 | M98: 13 | N98: 44522 | O98: 44522
B99: 50611689 | C99: CHIAPAS | D99: Sur | E99: Subdirección de Producción Región Sur | F99: APMM | G99: REACREDITACION DE SIGNATARIOS SPPTR | H99: PRESENCIAL | I99: 675132 | J99: ROMERO VICTORINO JUAN ARTURO | K99: 1 | L99: 8 | M99: 11 | N99: 44525 | O99: 44525
B100: 50611867 | C100: AGUA DULCE, VERACRUZ | D100: Sur | E100: Subdirección de Producción Región Sur | F100: APCP | G100: BASICO DE SEGURIDAD (BS) | H100: PRESENCIAL | I100: 375253 | J100: MARTINEZ RODRIGUEZ ERNESTO XICOTENCATL U | K100: 2 | L100: 16 | M100: 10 | N100: 44525 | O100: 44526
... B109: 50610282 | C109: COMALCALCO, TABASCO | D109: Sur | E109: Subdirección de Producción Región Sur | F109: APBJ | G109: BRIGADAS CONTRAINCENDIOS (BCII) | H109: PRESENCIAL | I109: 395269 | J109: JIMENEZ MARTINEZ MAXIMILIANO | K109: 3 | L109: 24 | M109: 8 | N109: 44538 | O109: 44540

Sheet Ajustado
A4: Cons | B4: AREACH | C4: IDSDNCA | D4: Subdirección | E4: Gerencia/Activo | F4: Curso | G4: Tipo de Impartición | H4: Ficha | I4: Instructor | J4: Duración (Horas) | K4: Días | L4: Asistentes Totales | M4: Fecha de Inicio | N4: Fecha de Termino | O4: Mes
B5: Dos Bocas | C5: 30518 | D5: Subdirección de Producción Región Marina Suroeste | E5: Activo de Producción Abkatun Pol Chuc | F5: SEGURIDAD Y SOBREVIVENCIA COSTA AFUERA (SSCA) | G5: PRESENCIAL | H5: 245435 | I5: Cesar Valencia Viveros | J5: 24 | K5: 3 | L5: 7 | M5: 15/04/2021 | N5: 44303 | O5: Abril
B6: Dos Bocas | C6: 24884 | D6: Subdirección de Coordinación Operativa y Comercial | E6: Gerencia de Coordinación de Operaciones | F6: REACREDITACION DE SIGNATARIOS DEL SPPTR (RSPTR) | G6: PRESENCIAL | H6: 245434 | I6: Joel Licona Mar | J6: 8 | K6: 1 | L6: 8 | M6: 44344 | N6: 44344 | O6: Mayo
B7: Dos Bocas | C7: 24886 | D7: Subdirección de Coordinación Operativa y Comercial | E7: Gerencia de Coordinación de Operaciones | F7: REACREDITACION DE SIGNATARIOS DEL SPPTR (RSPTR) | G7: PRESENCIAL | H7: 245434 | I7: Joel Licona Mar | J7: 8 | K7: 1 | L7: 8 | M7: 44347 | N7: 44347 | O7: Mayo
B8: Dos Bocas | C8: 31049 | D8: Subdirección de Producción Región Marina Suroeste | E8: Activo de Producción Litoral de Tabasco | F8: PROCEDIMIENTOS CRITICOS (PC) | G8: PRESENCIAL | H8: 370733 | I8: José Guadalupe Resendíz Robles | J8: 16 | K8: 2 | L8: 10 | M8: 20/05/2021 | N8: 44337 | O8: Mayo
B9: Dos Bocas | C9: 31205 | D9: Subdirección de Producción Región Marina Suroeste | E9: Activo de Producción Litoral de Tabasco | F9: SEGURIDAD Y SOBREVIVENCIA COSTA AFUERA (SSCA) | G9: PRESENCIAL | H9: 245435 | I9: Cesar Valencia Viveros | J9: 24 | K9: 3 | L9: 10 | M9: 21/05/2021 | N9: 44339 | O9: Mayo
B10: Dos Bocas | C10: 24874 | D10: Subdirección de Coordinación Operativa y Comercial | E10: Gerencia de Coordinación de Operaciones | F10: REVALIDACION BASICO DE SEGURIDAD (BS) | G10: PRESENCIAL | H10: 245435 | I10: Cesar Valencia Viveros | J10: 8 | K10: 1 | L10: 8 | M10: 44343 | N10: 44343 | O10: Mayo
B11: Dos Bocas | C11: 24514 | D11: Subdirección de Coordinación Operativa y Comercial | E11: Gerencia de Coordinación de Operaciones | F11: BASICO DE SEGURIDAD (BS) | G11: PRESENCIAL | H11: 322115 | I11: Eduardo Moheno Torres | J11: 16 | K11: 2 | L11: 13 | M11: 24/05/2021 | N11: 25/05/2021 | O11: Mayo
B12: Dos Bocas | C12: 24811 | D12: Subdirección de Coordinación Operativa y Comercial | E12: Gerencia de Coordinación de Operaciones | F12: MANEJO A LA DEFENSIVA (MD) | G12: PRESENCIAL | H12: 971841 | I12: Tobias Magaña Ruiz | J12: 8 | K12: 1 | L12: 10 | M12: 25/05/2021 | N12: 25/05/2021 | O12: Mayo
B13: Dos Bocas | C13: 24735 | D13: Subdirección de Coordinación Operativa y Comercial | E13: Gerencia de Coordinación de Operaciones | F13: SISTEMA DE PERMISOS PARA TRABAJOS CON RIESGO (SPTR) | G13: PRESENCIAL | H13: 971841 | I13: Tobias Magaña Ruiz | J13: 24 | K13: 3 | L13: 9 | M13: 26/05/2021 | N13: 28/05/2021 | O13: Mayo
B14: Dos Bocas | C14: 25318 | D14: Subdirección de Coordinación Operativa y Comercial | E14: Gerencia de Coordinación de Operaciones | F14: VERIFICADOR DE GAS (VG) | G14: PRESENCIAL | H14: 245434 | I14: Joel Licona Mar | J14: 8 | K14: 1 | L14: 10 | M14: 44347 | N14: 44347 | O14: Mayo
B15: Dos Bocas | C15: 24635 | D15: Subdirección de Coordinación Operativa y Comercial | E15: Gerencia de Coordinación de Operaciones | F15: BRIGADAS CONTRAINCENDIOS (BCII) | G15: PRESENCIAL | H15: 322115 | I15: Eduardo Moheno Torres | J15: 24 | K15: 3 | L15: 8 | M15: 44347 | N15: 44349 | O15: Mayo
B16: Dos Bocas | C16: 24882 | D16: Subdirección de Coordinación Operativa y Comercial | E16: Gerencia de Coordinación de Operaciones | F16: REACREDITACION DE SIGNATARIOS DEL SPPTR (RSPTR) | G16: PRESENCIAL | H16: 245434 | I16: Joel Licona Mar | J16: 8 | K16: 1 | L16: 10 | M16: 03/06/2021 | N16: 03/06/2021 | O16: Junio
B17: Dos Bocas | C17: 24516 | D17: Subdirección de Coordinación Operativa y Comercial | E17: Gerencia de Coordinación de Operaciones | F17: BASICO DE SEGURIDAD (BS) | G17: PRESENCIAL | H17: 245435 | I17: Cesar Valencia Viveros | J17: 16 | K17: 2 | L17: 8 | M17: 10/06/2021 | N17: 11/06/2021 | O17: Junio
B18: Dos Bocas | C18: 29376 | D18: Subdirección de Producción Región Marina Suroeste | E18: Gerencia de Mantenimiento, Confiabilidad y Construcción | F18: SEGURIDAD Y SOBREVIVENCIA COSTA AFUERA (SSCA) | G18: PRESENCIAL | H18: 322115 | I18: Eduardo Moheno Torres | J18: 24 | K18: 3 | L18: 13 | M18: 09/06/2021 | N18: 11/06/2021 | O18: Junio
B19: Dos Bocas | C19: 25320 | D19: Subdirección de Coordinación Operativa y Comercial | E19: Gerencia de Coordinación de Operaciones | F19: VERIFICADOR DE GAS (VG) | G19: PRESENCIAL | H19: 245434 | I19: Joel Licona Mar | J19: 8 | K19: 1 | L19: 9 | M19: 15/06/2021 | N19: 15/06/2021 | O19: Junio
B20: Dos Bocas | C20: 24517 | D20: Subdirección de Coordinación Operativa y Comercial | E20: Gerencia de Coordinación de Operaciones | F20: BASICO DE SEGURIDAD (BS) | G20: PRESENCIAL | H20: 245435 | I20: Cesar Valencia Viveros | J20: 16 | K20: 2 | L20: 8 | M20: 14/06/2021 | N20: 15/06/2021 | O20: Junio
B21: Dos Bocas | C21: 31048 | D21: Subdirección de Producción Región Marina Suroeste | E21: Activo de Producción Litoral de Tabasco | F21: PROCEDIMIENTOS CRITICOS (PC) | G21: PRESENCIAL | H21: 370733 | I21: José Guadalupe Resendíz Robles | J21: 16 | K21: 2 | L21: 10 | M21: 14/06/2021 | N21: 15/06/2021 | O21: Junio
B22: Dos Bocas | C22: 24861 | D22: Subdirección de Coordinación Operativa y Comercial | E22: Gerencia de Coordinación de Operaciones | F22: SALUD EN EL TRABAJO | G22: PRESENCIAL | H22: 445938 | I22: Eduardo Martinez Gonzalez | J22: 24 | K22: 3 | L22: 9 | M22: 14/06/2022 | N22: 15/06/2022 | O22: Junio
B23: Dos Bocas | C23: 24739 | D23: Subdirección de Coordinación Operativa y Comercial | E23: Gerencia de Coordinación de Operaciones | F23: SISTEMA DE PERMISOS PARA TRABAJOS CON RIESGO (SPTR) | G23: PRESENCIAL | H23: 971841 | I23: Tobias Magaña Ruiz | J23: 24 | K23: 3 | L23: 8 | M23: 14/06/2022 | N23: 44728 | O23: Junio
B24: Dos Bocas | C24: 24608 | D24: Subdirección de Coordinación Operativa y Comercial | E24: Gerencia de Coordinación de Operaciones | F24: RESPUESTA A EMERGENCIAS CON MATERIALES PELIGROSOS (REMP) | G24: PRESENCIAL | H24: 373645 | I24: Nicky Aguilera Pavon | J24: 16 | K24: 2 | L24: 12 | M24: 24/06/2021 | N24: 25/06/2021 | O24: Junio
B25: Dos Bocas | C25: 24740 | D25: Subdirección de Coordinación Operativa y Comercial | E25: Gerencia de Coordinación de Operaciones | F25: SISTEMA DE PERMISOS PARA TRABAJOS CON RIESGO (SPTR) | G25: PRESENCIAL | H25: 971841 | I25: Tobias Magaña Ruiz | J25: 24 | K25: 3 | L25: 8 | M25: 28/06/2021 | N25: 30/06/2021 | O25: Junio
B26: Dos Bocas | C26: 24639 | D26: Subdirección de Coordinación Operativa y Comercial | E26: Gerencia de Coordinación de Operaciones | F26: BRIGADAS CONTRAINCENDIOS (BCII) | G26: PRESENCIAL | H26: 245435 | I26: Cesar Valencia Viveros | J26: 24 | K26: 3 | L26: 9 | M26: 30/06/2021 | N26: 02/07/2021 | O26: Junio
B27: Dos Bocas | C27: 24640 | D27: Subdirección de Coordinación Operativa y Comercial | E27: Gerencia de Coordinación de Operaciones | F27: BRIGADAS CONTRAINCENDIOS (BCII) | G27: PRESENCIAL | H27: 322115 | I27: Eduardo Moheno Torres | J27: 24 | K27: 3 | L27: 8 | M27: 06/07/2021 | N27: 08/07/2021 | O27: Julio
B28: Dos Bocas | C28: 25324 | D28: Subdirección de Coordinación Operativa y Comercial | E28: Gerencia de Coordinación de Operaciones | F28: VERIFICADOR DE GAS (VG) | G28: PRESENCIAL | H28: 245434 | I28: Joel Licona Mar | J28: 8 | K28: 1 | L28: 11 | M28: 12/07/2021 | N28: 12/07/2021 | O28: Julio
B29: Dos Bocas | C29: 24885 | D29: Subdirección de Coordinación Operativa y Comercial | E29: Gerencia de Coordinación de Operaciones | F29: REACREDITACION DE SIGNATARIOS DEL SPPTR (RSPTR) | G29: PRESENCIAL | H29: 245434 | I29: Joel Licona Mar | J29: 8 | K29: 1 | L29: 10 | M29: 14/07/2021 | N29: 14/07/2021 | O29: Julio
B30: Dos Bocas | C30: 22165 | D30: Subdirección de Administración de Servicios para Exploración y Producción | E30: Coordinación de Servicios Marinos y de Mantenimiento, Confiabilidad y Construcción de Infraestructura | F30: BASICO DE SEGURIDAD (BS) | G30: PRESENCIAL | H30: 245435 | I30: Cesar Valencia Viveros | J30: 16 | K30: 2 | L30: 14 | M30: 13/07/2021 | N30: 14/07/2021 | O30: Julio
B31: Dos Bocas | C31: 29380 | D31: Subdirección de Producción Región Marina Suroeste | E31: Gerencia de Mantenimiento, Confiabilidad y Construcción | F31: SEGURIDAD Y SOBREVIVENCIA COSTA AFUERA (SSCA) | G31: PRESENCIAL | H31: 971841 | I31: Tobias Magaña Ruiz | J31: 24 | K31: 3 | L31: 11 | M31: 15/07/2021 | N31: 17/07/2021 | O31: Julio
B32: Dos Bocas | C32: 24522 | D32: Subdirección de Coordinación Operativa y Comercial | E32: Gerencia de Coordinación de Operaciones | F32: BASICO DE SEGURIDAD (BS) | G32: PRESENCIAL | H32: 245435 | I32: Cesar Valencia Viveros | J32: 16 | K32: 2 | L32: 12 | M32: 19/07/2021 | N32: 20/07/2021 | O32: Julio
B33: Dos Bocas | C33: 24883 | D33: Subdirección de Coordinación Operativa y Comercial | E33: Gerencia de Coordinación de Operaciones | F33: REACREDITACION DE SIGNATARIOS DEL SPPTR (RSPTR) | G33: PRESENCIAL | H33: 245434 | I33: Joel Licona Mar | J33: 8 | K33: 1 | L33: 10 | M33: 21/07/2021 | N33: 21/07/2021 | O33: Julio
B34: Dos Bocas | C34: 23278 | D34: Subdirección de Administración de Servicios para Exploración y Producción | E34: Coordinación de Servicios Marinos y de Mantenimiento, Confiabilidad y Construcción de Infraestructura | F34: SISTEMA DE PERMISOS PARA TRABAJOS CON RIESGO (SPTR) | G34: PRESENCIAL | H34: 971841 | I34: Tobias Magaña Ruiz | J34: 24 | K34: 3 | L34: 8 | M34: 20/07/2021 | N34: 22/07/2021 | O34: Julio
B35: Dos Bocas | C35: 23314 | D35: Subdirección de Administración de Servicios para Exploración y Producción | E35: Coordinación de Servicios Marinos y de Mantenimiento, Confiabilidad y Construcción de Infraestructura | F35: REACREDITACION DE SIGNATARIOS DEL SPPTR (RSPTR) | G35: PRESENCIAL | H35: 971841 | I35: Tobias Magaña Ruiz | J35: 8 | K35: 1 | L35: 10 | M35: 23/07/2021 | N35: 23/07/2021 | O35: Julio
... B48: Dos Bocas | C48: 22188 | D48: Subdirección de Administración de Servicios para Exploración y Producción | E48: Coordinación de Servicios Marinos y de Mantenimiento, Confiabilidad y Construcción de Infraestructura | F48: REVALIDACION BASICO DE SEGURIDAD (BS) | G48: PRESENCIAL | H48: 245435 | I48: Cesar Valencia Viveros | J48: 8 | K48: 1 | L48: 12 | M48: 18/08/2021 | N48: 18/08/2021 | O48: Agosto
B49: Dos Bocas | C49: 24646 | D49: Subdirección de Coordinación Operativa y Comercial | E49: Gerencia de Coordinación de Operaciones | F49: BRIGADAS CONTRAINCENDIOS (BCII) | G49: PRESENCIAL | H49: 322115 | I49: Eduardo Moheno Torres | J49: 24 | K49: 3 | L49: 12 | M49: 44424 | N49: 18/08/2021 | O49: Agosto
B50: Dos Bocas | C50: 24586 | D50: Subdirección de Coordinación Operativa y Comercial | E50: Gerencia de Coordinación de Operaciones | F50: PROCEDIMIENTOS CRITICOS (PC) | G50: PRESENCIAL | H50: 370733 | I50: José Guadalupe Resendíz Robles | J50: 16 | K50: 2 | L50: 15 | M50: 17/08/2021 | N50: 18/08/2021 | O50: Agosto
B51: Dos Bocas | C51: 22189 | D51: Subdirección de Administración de Servicios para Exploración y Producción | E51: Coordinación de Servicios Marinos y de Mantenimiento, Confiabilidad y Construcción de Infraestructura | F51: REVALIDACION BASICO DE SEGURIDAD (BS) | G51: PRESENCIAL | H51: 245435 | I51: Cesar Valencia Viveros | J51: 8 | K51: 1 | L51: 13 | M51: 19/08/2021 | N51: 19/08/2021 | O51: Agosto
B52: Dos Bocas | C52: 22190 | D52: Subdirección de Administración de Servicios para Exploración y Producción | E52: Coordinación de Servicios Marinos y de Mantenimiento, Confiabilidad y Construcción de Infraestructura | F52: REVALIDACION BASICO DE SEGURIDAD (BS) | G52: PRESENCIAL | H52: 245435 | I52: Cesar Valencia Viveros | J52: 8 | K52: 1 | L52: 13 | M52: 20/08/2021 | N52: 20/08/2021 | O52: Agosto
B53: Dos Bocas | C53: 24730 | D53: Subdirección de Coordinación Operativa y Comercial | E53: Gerencia de Coordinación de Operaciones | F53: SISTEMA DE PERMISOS PARA TRABAJOS CON RIESGO (SPTR) | G53: PRESENCIAL | H53: 971841 | I53: Tobias Magaña Ruiz | J53: 24 | K53: 3 | L53: 9 | M53: 18/08/2021 | N53: 20/08/2021 | O53: Agosto
B54: Dos Bocas | C54: 29383 | D54: Subdirección de Producción Región Marina Suroeste | E54: Gerencia de Mantenimiento, Confiabilidad y Construcción | F54: SEGURIDAD Y SOBREVIVENCIA COSTA AFUERA (SSCA) | G54: PRESENCIAL | H54: 370733 | I54: José Guadalupe Resendíz Robles | J54: 24 | K54: 3 | L54: 11 | M54: 24/08/2021 | N54: 26/08/2021 | O54: Agosto
B55: Dos Bocas | C55: 24731 | D55: Subdirección de Coordinación Operativa y Comercial | E55: Gerencia de Coordinación de Operaciones | F55: SISTEMA DE PERMISOS PARA TRABAJOS CON RIESGO (SPTR) | G55: PRESENCIAL | H55: 322115 | I55: Eduardo Moheno Torres | J55: 24 | K55: 3 | L55: 9 | M55: 25/08/2021 | N55: 27/08/2021 | O55: Agosto
B56: Dos Bocas | C56: 25215 | D56: Subdirección de Coordinación Operativa y Comercial | E56: Gerencia de Coordinación de Operaciones | F56: ADMINISTRACION AMBIENTAL | G56: PRESENCIAL | H56: 445938 | I56: Eduardo Martinez Gonzalez | J56: 16 | K56: 2 | L56: 8 | M56: 27/08/2021 | N56: 28/08/2021 | O56: Agosto
B57: Dos Bocas | C57: 24618 | D57: Subdirección de Coordinación Operativa y Comercial | E57: Gerencia de Coordinación de Operaciones | F57: RESPUESTA A EMERGENCIAS CON MATERIALES PELIGROSOS (REMP) | G57: PRESENCIAL | H57: 245434 | I57: Joel Licona Mar | J57: 16 | K57: 2 | L57: 12 | M57: 02/09/2021 | N57: 03/09/2021 | O57: Septiembre
B58: Dos Bocas | C58: 24880 | D58: Subdirección de Coordinación Operativa y Comercial | E58: Gerencia de Coordinación de Operaciones | F58: REACREDITACION DE SIGNATARIOS DEL SPPTR (RSPTR) | G58: PRESENCIAL | H58: 245434 | I58: Joel Licona Mar | J58: 8 | K58: 1 | L58: 10 | M58: 09/09/2021 | N58: 09/09/2021 | O58: Septiembre
B59: Dos Bocas | C59: 24493 | D59: Subdirección de Coordinación Operativa y Comercial | E59: Gerencia de Coordinación de Operaciones | F59: ACIDO SULFHIDRICO (H2S) | G59: PRESENCIAL | H59: 245435 | I59: Cesar Valencia Viveros | J59: 8 | K59: 1 | L59: 12 | M59: 09/09/2021 | N59: 09/09/2021 | O59: Septiembre
B60: Dos Bocas | C60: 24804 | D60: Subdirección de Coordinación Operativa y Comercial | E60: Gerencia de Coordinación de Operaciones | F60: BRIGADAS DE PRIMEROS AUXILIOS(BPA) | G60: PRESENCIAL | H60: 373645 | I60: Nicky Aguilera Pavon | J60: 16 | K60: 2 | L60: 12 | M60: 08/09/2021 | N60: 09/09/2021 | O60: Septiembre
B61: Dos Bocas | C61: 24529 | D61: Subdirección de Coordinación Operativa y Comercial | E61: Gerencia de Coordinación de Operaciones | F61: BASICO DE SEGURIDAD (BS) | G61: PRESENCIAL | H61: 322115 | I61: Eduardo Moheno Torres | J61: 16 | K61: 2 | L61: 12 | M61: 09/09/2021 | N61: 10/09/2021 | O61: Septiembre
... B92: Dos Bocas | C92: 29394 | D92: Subdirección de Producción Región Marina Suroeste | E92: Gerencia de Mantenimiento, Confiabilidad y Construcción | F92: SEGURIDAD Y SOBREVIVENCIA COSTA AFUERA (SSCA) | G92: PRESENCIAL | H92: 245435 | I92: Cesar Valencia Viveros | J92: 24 | K92: 3 | L92: 21 | M92: 05/12/2021 | N92: 07/12/2021 | O92: Diciembre
B93: CIUDAD DEL CARMEN, CAMPECHE | C93: 23311 | D93: Subdirección de Administración de Servicios para Exploración y Producción | E93: Coordinación de Servicios Marinos y de Mantenimiento, Confiabilidad y Construcción de Infraestructura | F93: REACREDITACION DE SIGNATARIOS DEL SPPTR (RSPTR) | G93: PRESENCIAL | H93: 436665 | I93: Francisco Antonio Castro Reyes | J93: 8 | K93: 1 | L93: 10 | M93: 19/04/2021 | N93: 44305 | O93: Abril
B94: CIUDAD DEL CARMEN, CAMPECHE | C94: 30246 | D94: Subdirección de Seguridad, Salud en el Trabajo y Protección Ambiental | E94: Gerencia de Seguridad, Salud en el Trabajo y Protección Ambiental Región Marina | F94: BRIGADAS CONTRAINCENDIOS (BCII) | G94: PRESENCIAL | H94: 389970 | I94: Azariel Lopez Lara | J94: 24 | K94: 3 | L94: 11 | M94: 19/04/2021 | N94: 44307 | O94: Abril
B95: CIUDAD DEL CARMEN, CAMPECHE | C95: 24589 | D95: Subdirección de Seguridad, Salud en el Trabajo y Protección Ambiental | E95: Gerencia de Seguridad, Salud en el Trabajo y Protección Ambiental Región Marina | F95: SEGURIDAD Y SOBREVIVENCIA COSTA AFUERA (SSCA) | G95: PRESENCIAL | H95: 354951 | I95: Raul Armando Garza Torre | J95: 24 | K95: 3 | L95: 12 | M95: 29/04/2021 | N95: 44317 | O95: Abril
B96: CIUDAD DEL CARMEN, CAMPECHE | C96: 25029 | D96: Subdirección de Seguridad, Salud en el Trabajo y Protección Ambiental | E96: Gerencia de Seguridad, Salud en el Trabajo y Protección Ambiental Región Marina | F96: ADMINISTRACION AMBIENTAL | G96: A DISTANCIA | H96: 353019 | I96: Ines Alvarez Piste | J96: 16 | K96: 2 | L96: 13 | M96: 29/04/2021 | N96: 44320 | O96: Abril
B97: CIUDAD DEL CARMEN, CAMPECHE | C97: 21480 | D97: Subdirección de Producción Región Marina Noreste | E97: Gerencia de Mantenimiento, Confiabilidad y Construcción | F97: REACREDITACION DE SIGNATARIOS DEL SPPTR (RSPTR) | G97: A DISTANCIA | H97: 458886 | I97: Edgar Mendoza Rodriguez | J97: 8 | K97: 1 | L97: 16 | M97: 12/05/2021 | N97: 44328 | O97: Mayo
B98: CIUDAD DEL CARMEN, CAMPECHE | C98: 24913 | D98: Subdirección de Coordinación Operativa y Comercial | E98: Gerencia de Coordinación de Operaciones | F98: REVALIDACION DE SEGURIDAD Y SOBREVIVENCIA COSTA AFUERA (RSSCA) | G98: PRESENCIAL | H98: 354951 | I98: Raul Armando Garza Torre | J98: 16 | K98: 2 | L98: 1 | M98: 11/05/2021 | N98: 44328 | O98: Mayo
B99: CIUDAD DEL CARMEN, CAMPECHE | C99: 26163 | D99: Subdirección de Perforación y Mantenimiento de Pozos | E99: Gerencia de Perforación y Reparación de Pozos Marina | F99: SEGURIDAD Y SOBREVIVENCIA COSTA AFUERA (SSCA) | G99: PRESENCIAL | H99: 350060 | I99: Hernan Zurita Dominguez | J99: 24 | K99: 3 | L99: 12 | M99: 44329 | N99: 44331 | O99: Mayo
B100: CIUDAD DEL CARMEN, CAMPECHE | C100: 27340 | D100: Subdirección de Perforación y Mantenimiento de Pozos | E100: Gerencia de Perforación y Reparación de Pozos Marina | F100: SISTEMA DE PERMISOS PARA TRABAJOS CON RIESGO (SPTR) | G100: PRESENCIAL | H100: 419491 | I100: Julio Andres Barrios Almazan | J100: 24 | K100: 3 | L100: 12 | M100: 13/05/2021 | N100: 44331 | O100: Mayo
B101: CIUDAD DEL CARMEN, CAMPECHE | C101: 29663 | D101: Subdirección de Seguridad, Salud en el Trabajo y Protección Ambiental | E101: Gerencia de Seguridad, Salud en el Trabajo y Protección Ambiental Región Marina | F101: PREVENCION DE RIESGOS LABORALES | G101: A DISTANCIA | H101: 206830 | I101: José Trinidad Osorno Requena | J101: 16 | K101: 2 | L101: 8 | M101: 13/05/2021 | N101: 44334 | O101: Mayo
B102: CIUDAD DEL CARMEN, CAMPECHE | C102: 24914 | D102: Subdirección de Coordinación Operativa y Comercial | E102: Gerencia de Coordinación de Operaciones | F102: REVALIDACION DE SEGURIDAD Y SOBREVIVENCIA COSTA AFUERA (RSSCA) | G102: PRESENCIAL | H102: 354951 | I102: Raul Armando Garza Torre | J102: 16 | K102: 2 | L102: 1 | M102: 18/05/2021 | N102: 44335 | O102: Mayo
B103: CIUDAD DEL CARMEN, CAMPECHE | C103: 27334 | D103: Subdirección de Perforación y Mantenimiento de Pozos | E103: Gerencia de Perforación y Reparación de Pozos Marina | F103: SISTEMA DE PERMISOS PARA TRABAJOS CON RIESGO (SPTR) | G103: PRESENCIAL | H103: 419491 | I103: Julio Andres Barrios Almazan | J103: 24 | K103: 3 | L103: 10 | M103: 19/05/2021 | N103: 44337 | O103: Mayo
B104: CIUDAD DEL CARMEN, CAMPECHE | C104: 27826 | D104: Subdirección de Perforación y Mantenimiento de Pozos | E104: Gerencia de Servicios a Pozos | F104: BASICO DE SEGURIDAD (BS) | G104: PRESENCIAL | H104: 350060 | I104: Hernan Zurita Dominguez | J104: 16 | K104: 2 | L104: 13 | M104: 21/05/2021 | N104: 44338 | O104: Mayo
B105: CIUDAD DEL CARMEN, CAMPECHE | C105: 21481 | D105: Subdirección de Producción Región Marina Noreste | E105: Gerencia de Mantenimiento, Confiabilidad y Construcción | F105: REACREDITACION DE SIGNATARIOS DEL SPPTR (RSPTR) | G105: A DISTANCIA | H105: 458886 | I105: Edgar Mendoza Rodriguez | J105: 8 | K105: 1 | L105: 11 | M105: 24/05/2021 | N105: 44340 | O105: Mayo
B106: CIUDAD DEL CARMEN, CAMPECHE | C106: 27335 | D106: Subdirección de Perforación y Mantenimiento de Pozos | E106: Gerencia de Perforación y Reparación de Pozos Marina | F106: SISTEMA DE PERMISOS PARA TRABAJOS CON RIESGO (SPTR) | G106: PRESENCIAL | H106: 419491 | I106: Julio Andres Barrios Almazan | J106: 24 | K106: 3 | L106: 10 | M106: 22/05/2021 | N106: 44340 | O106: Mayo
B107: CIUDAD DEL CARMEN, CAMPECHE | C107: 24750 | D107: Subdirección de Coordinación Operativa y Comercial | E107: Gerencia de Coordinación de Operaciones | F107: SISTEMA DE PERMISOS PARA TRABAJOS CON RIESGO (SPTR) | G107: PRESENCIAL | H107: 354951 | I107: Raul Armando Garza Torre | J107: 24 | K107: 3 | L107: 5 | M107: 26/05/2021 | N107: 44344 | O107: Mayo
B108: CIUDAD DEL CARMEN, CAMPECHE | C108: 28027 | D108: Subdirección de Perforación y Mantenimiento de Pozos | E108: Gerencia de Servicios a Pozos | F108: SOBREVIVENCIA EN EL MAR (SM) | G108: PRESENCIAL | H108: CASES | I108: INSTRUCTOR CASES . | J108: 16 | K108: 2 | L108: 8 | M108: 27/05/2021 | N108: 44344 | O108: Mayo
B109: CIUDAD DEL CARMEN, CAMPECHE | C109: 27352 | D109: Subdirección de Perforación y Mantenimiento de Pozos | E109: Gerencia de Perforación y Reparación de Pozos Marina | F109: SISTEMA DE PERMISOS PARA TRABAJOS CON RIESGO (SPTR) | G109: PRESENCIAL | H109: 489671 | I109: Pedro Zacarias Alcocer | J109: 24 | K109: 3 | L109: 12 | M109: 27/05/2021 | N109: 44345 | O109: Mayo
B110: CIUDAD DEL CARMEN, CAMPECHE | C110: 21482 | D110: Subdirección de Producción Región Marina Noreste | E110: Gerencia de Mantenimiento, Confiabilidad y Construcción | F110: REACREDITACION DE SIGNATARIOS DEL SPPTR (RSPTR) | G110: A DISTANCIA | H110: 458886 | I110: Edgar Mendoza Rodriguez | J110: 8 | K110: 1 | L110: 20 | M110: 01/06/2021 | N110: 44348 | O110: Junio
B111: CIUDAD DEL CARMEN, CAMPECHE | C111: 21446 | D111: Subdirección de Producción Región Marina Noreste | E111: Gerencia de Mantenimiento, Confiabilidad y Construcción | F111: BASICO DE SEGURIDAD (BS) | G111: PRESENCIAL | H111: 354951 | I111: Raul Armando Garza Torre | J111: 16 | K111: 2 | L111: 10 | M111: 02/06/2021 | N111: 44350 | O111: Junio
B112: CIUDAD DEL CARMEN, CAMPECHE | C112: 21447 | D112: Subdirección de Producción Región Marina Noreste | E112: Gerencia de Mantenimiento, Confiabilidad y Construcción | F112: BASICO DE SEGURIDAD (BS) | G112: A DISTANCIA | H112: 354951 | I112: Raul Armando Garza Torre | J112: 16 | K112: 2 | L112: 22 | M112: 08/06/2021 | N112: 44356 | O112: Junio
B113: CIUDAD DEL CARMEN, CAMPECHE | C113: 28026 | D113: Subdirección de Perforación y Mantenimiento de Pozos | E113: Gerencia de Servicios a Pozos | F113: SOBREVIVENCIA EN EL MAR (SM) | G113: PRESENCIAL | H113: CASES | I113: INSTRUCTOR CASES . | J113: 16 | K113: 2 | L113: 7 | M113: 08/06/2021 | N113: 44356 | O113: Junio
B114: CIUDAD DEL CARMEN, CAMPECHE | C114: 22169 | D114: Subdirección de Seguridad, Salud en el Trabajo y Protección Ambiental | E114: Gerencia de Seguridad, Salud en el Trabajo y Protección Ambiental Región Marina | F114: BRIGADAS DE BUSQUEDA Y RESCATE (BBR) | G114: PRESENCIAL | H114: 389970 | I114: Azariel Lopez Lara | J114: 24 | K114: 3 | L114: 12 | M114: 09/06/2021 | N114: 44358 | O114: Junio
B115: CIUDAD DEL CARMEN, CAMPECHE | C115: 24591 | D115: Subdirección de Seguridad, Salud en el Trabajo y Protección Ambiental | E115: Gerencia de Seguridad, Salud en el Trabajo y Protección Ambiental Región Marina | F115: SEGURIDAD Y SOBREVIVENCIA COSTA AFUERA (SSCA) | G115: PRESENCIAL | H115: 354951 | I115: Raul Armando Garza Torre | J115: 24 | K115: 3 | L115: 12 | M115: 10/06/2021 | N115: 44359 | O115: Junio
B116: CIUDAD DEL CARMEN, CAMPECHE | C116: 29681 | D116: Subdirección de Seguridad, Salud en el Trabajo y Protección Ambiental | E116: Gerencia de Seguridad, Salud en el Trabajo y Protección Ambiental Región Marina | F116: DISCIPLINA OPERATIVA | G116: A DISTANCIA | H116: 350060 | I116: Hernan Zurita Dominguez | J116: 16 | K116: 2 | L116: 14 | M116: 10/06/2021 | N116: 44363 | O116: Junio
